[{
 "title":"@gabyplatas @Macamposmx Ya viste MAC el suburbio es la ostia. Te invito al Asadero con Gaby mi MAC",
 "latitude":19.473794,
 "longitude":-99.310428
 },{
 "title":"Lo de Tyreek Hill da miedo.. Tres partidos seguidos haciendo una entrega",
 "latitude":20.790657,
 "longitude":-103.4847745
 },{
 "title":"Estaba algo Hot 😈 https://t.co/TTVg4HWAeV",
 "latitude":20.70324,
 "longitude":-103.687582
 },{
 "title":"@panaclo Raya en lo ridiculo, imagina que va a llegar🤣🤣",
 "latitude":19.7016585,
 "longitude":-98.876975
 },{
 "title":"Mañana desde las 5am a trabajar, gracias a Dios!!",
 "latitude":22.270295,
 "longitude":-97.916772
 },{
 "title":"Es una chinga he! Porque uno tiene tanta cosa en la cabeza y en lugar de suponer porque la gente hace algo, tener que explicarlo es más difícil 🥲",
 "latitude":19.652724,
 "longitude":-101.27577
 },{
 "title":"@AnabelVernica2 @ManicomioRunner Se tienen que cumplir los 21k que están en puerta querida amiga🏃‍♂️te mando abrazos 🤗🤗🤗pasa bonita noche 🙌🌙😴",
 "latitude":19.318042,
 "longitude":-99.2480095
 },{
 "title":"@loopycheff Mejor las exorcizamos para que no hagan daño 😂🍻",
 "latitude":19.0322295,
 "longitude":-98.1542665
 },{
 "title":"Deja todo en manos de Dios y descansa.",
 "latitude":19.652724,
 "longitude":-101.27577
 },{
 "title":"Estará presente NL en Tianguis de Pueblos Mágicos. https://t.co/4T45QvMz7v @TurismoNL @ClusterTurMTY",
 "latitude":25.6417185,
 "longitude":-100.2935915
 },{
 "title":"Mi @hectorpablo_ de Oro... esta triste por q no es el de la foto... mejor terminemos la obra de Tuxtepec y lo volveremos a querer...",
 "latitude":17.090319,
 "longitude":-96.7250025
 },{
 "title":"Vengo del rancho y voy para el rancho (desde aquí se ve Colinas) https://t.co/uR8kembNMA",
 "latitude":25.778679,
 "longitude":-100.1687175
 },{
 "title":"Acaba de publicar una foto en C Travel San Luis Potosi https://t.co/EyF3AglA4p",
 "latitude":22.14975138,
 "longitude":-100.98142097
 },{
 "title":"Plomero en caso de emergencia 🆘 . Pólizas desde $200 pesos al mes puedes tener esta asistencia y más coberturas protección por incendios robo contenidos. #hogarseguro #asistencia #mexico #mexico🇲🇽 https://t.co/VHcvWFrGLX",
 "latitude":25.6567,
 "longitude":-100.4
 },{
 "title":"@anafrancismor Gracias Diputada por compartir, así nos podemos dar cuenta que CFE es quien vende la energía más cara, ya que las empresas que cita se la compran a particulares mucho más barata. Los ciudadanos también debemos tener esa opción, comprar energía más barata.",
 "latitude":26.5772525,
 "longitude":-100.1429625
 },{
 "title":"La continuación de la J13 del #GritaMéxicoA21 sigue en @deportesWRADIO 730 AM.  @ClubNecaxa vs. @ClubPueblaMX con @AlexLA94, @LopezElizondo11 y @GerardoRamos8.  ⚡🆚🎽⚽📻",
 "latitude":19.6302155,
 "longitude":-99.130628
 },{
 "title":"Odio ser tan malditamente insegura en mi forma de ser,al punto de creer q no habrá quien me acepte):",
 "latitude":16.9589495,
 "longitude":-99.7356495
 },{
 "title":"@NikolaLobo @JeSuis34C Felicidades Lobito.  Un gran trabajo y experiencia de vida.",
 "latitude":18.827419,
 "longitude":-98.9534575
 },{
 "title":"Buenas noches 💤 https://t.co/CknwERFSqo",
 "latitude":19.4685455,
 "longitude":-98.787435
 },{
 "title":"Me choca esta moda de los centennials de quejarse todo el tiempo de la vida de adulto y las responsabilidades.",
 "latitude":18.0219595,
 "longitude":-92.9164995
 },{
 "title":"Aparte de exceso de café, problemas económicos, problemas de salud, cargos de conciencia, incertidumbre en el futuro y soledad que otra razón negativa se les ocurre para tener insomnio? 🤔🤔🤔",
 "latitude":19.432836,
 "longitude":-99.153366
 },{
 "title":"Me tengo que chutar el partido de Tigres con Paco Villa 😫😫😫",
 "latitude":31.452274,
 "longitude":-106.568008
 },{
 "title":"Ya le puse $100 de magna, fuga! 😅 https://t.co/7EGARvmbgD",
 "latitude":20.6970525,
 "longitude":-105.1485805
 },{
 "title":"¿Por cierto,  ya será tiempo de empezar a sacar el disfraz de Caperucita?",
 "latitude":19.0322295,
 "longitude":-98.1542665
 },{
 "title":"@beltrandelrio Tranquilo Pascal! Somos antiamericanistas por el concepto que representa, no por las personas. Por ejemplo, repudio los  Frentes Políticos  de Excélsior, pero reconozco que eres un profesional de la información, crítico y preparado, que informa de manera veraz. Abrazos.",
 "latitude":20.790657,
 "longitude":-103.4847745
 },{
 "title":"📖 Hoy estamos en la @FILZocalo para ver la presentación del libro “Recetas para instalarse en el rencor” del escritor @juanomarfierro  📚 Mi queridísima, talentosísima y admirable amiga @MadameMaillard presenta el libro ❤️ https://t.co/a4rKfUUI2F",
 "latitude":19.432818,
 "longitude":-99.133533
 },{
 "title":"SERVICIOS DE PROTECCIÓN Y TRASLADOS EN TODO EL PAÍS * aplica restricciones  Atención personalizada 24/7 📞5586788550 OFICINA CIUDAD DE MÉXICO https://t.co/y3HfGoRVud",
 "latitude":18.7644275,
 "longitude":-99.2446225
 },{
 "title":"¿De qué trauma histórico derivará ese afán de creerse el centro del mundo y la pretencion de querer imponer su propio mundo al resto del mundo?",
 "latitude":28.9698625,
 "longitude":-111.498181
 },{
 "title":"Una familia en el mar que te puede contar donde está mi niñez.",
 "latitude":19.473794,
 "longitude":-99.310428
 },{
 "title":"Adivinen quién es pero no lo arroben porque se enoja. https://t.co/I8vr36Btv5",
 "latitude":31.452274,
 "longitude":-106.568008
 },{
 "title":"@DonPorfifirio @FedericoArreola Comportarse como presidente, pues.",
 "latitude":19.5645875,
 "longitude":-99.269192
 },{
 "title":"¿Ya tienen su disfraz de estafador? https://t.co/7m01o4LlPW",
 "latitude":24.6624885,
 "longitude":-107.3420565
 },{
 "title":"Ya parenle el mame con el nuevo álbum de Adele",
 "latitude":19.0155025,
 "longitude":-96.152785
 },{
 "title":"@INAHmx OHHH, QEPD. Es una lastima que se vaya GENTE TAN VALIOSA Y se queden los estúpidos.",
 "latitude":19.2362445,
 "longitude":-99.08179
 },{
 "title":"@SoyNinoCanun Que poca M..... Una sociedad que olvida esta condenada a repetir las mismas atrocidades.",
 "latitude":19.380613,
 "longitude":-99.1614805
 },{
 "title":"He estado escribiendo pacheca",
 "latitude":20.941035,
 "longitude":-89.623611
 },{
 "title":"Hoy tuve que aplicar en mi casa la de: no estaba llorando, tengo alergia.   Y tener que fingir estornudos por media hora.",
 "latitude":19.183953,
 "longitude":-96.2293965
 },{
 "title":"@JCarlosLagunaR @hectmend @RicardoAnayaC @EPN @EmilioLozoyaAus Decirles BOTs es ser amables con ellos…",
 "latitude":32.3328765,
 "longitude":-116.929102
 },{
 "title":"Los del ITAM viendo que sus exámenes serán presenciales. https://t.co/DI2hC07yv8",
 "latitude":20.405994,
 "longitude":-101.845557
 },{
 "title":"Hay fiesta en toda la cuadra!..  #Sabadosad",
 "latitude":20.6970525,
 "longitude":-105.1485805
 },{
 "title":"Yo soy esa morra … perdón.",
 "latitude":22.270295,
 "longitude":-97.916772
 },{
 "title":"@luis_gj Pura perdedora mediocre lo ven guapo",
 "latitude":19.380613,
 "longitude":-99.1614805
 },{
 "title":"Aaaaaah conmigo no quisiste hacer un tiktok pero con las golfas hasta sales bailando, vaiavaia",
 "latitude":25.0075275,
 "longitude":-105.82011
 },{
 "title":"Hoy conocí personas bien comprometidas con hacer una ciudad mejor, y eso me pone sumamente feliz.",
 "latitude":19.432836,
 "longitude":-99.153366
 },{
 "title":"Buenos Días leamos la excelente Columna de nuestro amigo @MarioMal 👇  Manuel Bartlett, a contrarreloj en CFE https://t.co/ZsTBWM2gIz",
 "latitude":19.1431005,
 "longitude":-96.0989905
 },{
 "title":"Uno siempre vuelve a donde es feliz ¡VAMOS INCHES CHARROS! en Charros de Jalisco Beisbol https://t.co/iH8xO4TEJB",
 "latitude":20.72736157,
 "longitude":-103.381809
 },{
 "title":"Lo mereces",
 "latitude":19.432836,
 "longitude":-99.153366
 },{
 "title":"@XEVATabasco @NachoRgz Erga ese bato que iba cargando el tanque es un puto héroe, háganle una estatua y denle 10 millones de pesos se pasó de chingon a la verga",
 "latitude":24.6624885,
 "longitude":-107.3420565
 },{
 "title":"El ejemplo somos 🇲🇽 El pendejo no nos representa... Ccp @lopezobrador_",
 "latitude":19.0322295,
 "longitude":-98.1542665
 },{
 "title":"@jgnaredo @lopezobrador_ Y a poco se va a ir Salinas Pliego, Felipa, Barlett y familia.... Los que si se fueron son sus hijos, para vivir mejor sin trabajar.",
 "latitude":18.811717,
 "longitude":-99.1828615
 },{
 "title":"Y una mención honorífica a @MrabatesRedrum por su arduo trabajo en la edición de los vídeos... 😁☝🏻",
 "latitude":19.4299345,
 "longitude":-99.2115105
 },{
 "title":"@MAU_UGALDEA Calle de independencia",
 "latitude":19.432836,
 "longitude":-99.153366
 },{
 "title":"@ararqarm Jajajaja, chica. Estás aprendiendo muchos españoles, verdadersmente. :)",
 "latitude":19.380613,
 "longitude":-99.1614805
 },{
 "title":"Todo bien hasta que ví un estado de alguien cenando Maruchan y pinche antojo, nooooo, fuera impulso de gula 😣",
 "latitude":24.6624885,
 "longitude":-107.3420565
 },{
 "title":"Pasar del “lo quiero” al “no sé cómo lo pude querer” es un cambio súper drástico",
 "latitude":20.0537185,
 "longitude":-98.7155595
 },{
 "title":"Buenas tardes, saludos... https://t.co/1bfgzSYJvl",
 "latitude":19.542054,
 "longitude":-96.886083
 },{
 "title":"@beth_montl @ALANALFARO1 Yo voy con las mips y de ahí con semestrosas.",
 "latitude":20.676652,
 "longitude":-103.335882
 },{
 "title":"#Latam #México #Mujeres #Edtech #EconomíaDigital https://t.co/sK30k4jUIb",
 "latitude":19.4299345,
 "longitude":-99.2115105
 },{
 "title":"@marie_nassar Muchas gracias querida Marie Bendecido día, un abrazo 🍂💞🌷🌼🌹🤗🌸🍁🌺🍂",
 "latitude":19.0322295,
 "longitude":-98.1542665
 },{
 "title":"@Javier_Hidalgo @CandySmirna Date una vuelta a Félix Cuevas, Insurgentes Sur. Párate dos horas y cuenta cuántos autos y motos estorban y usan la ciclovía. Anda, sal de tu oficina. Además sé que eres probici.",
 "latitude":19.56828,
 "longitude":-99.0444445
 },{
 "title":"Una revelación, acabo de entender que no debo, ni debí volver jamás y que si hay ciertos comportamientos es mejor irse, duele es verdad y mucho, pero es mejor eso a que intentar vivir un cuento de hadas y terminar viviendo una película de terror.",
 "latitude":19.0322295,
 "longitude":-98.1542665
 },{
 "title":"@Roy_DiazM @FedericoArreola Este @FedericoArreola , el tal callo, tontolini, son la mmada de tuiter.🤦🏼‍♀️🤦🏼‍♀️🤦🏼‍♀️🤦🏼‍♀️🤦🏼‍♀️. Ya lo les den raiting.",
 "latitude":19.432836,
 "longitude":-99.153366
 },{
 "title":"Sigo sin entender!! Xq #Chingados la #Gente es tan pero tan 🤬🤬🤬#$$#$  #Neta me asombra la habilidad para #Joder a los demás 🤦🏻‍♀️🤦🏻‍♀️🤦🏻‍♀️🤬🤬",
 "latitude":22.291455,
 "longitude":-100.860774
 },{
 "title":"Listo para hacer el unboxing personal de este mega Fatgum de My Hero Academia 🤘🏻😎 . . . . #fatgum #myheroacademia #funko en Torreon, Mexico https://t.co/PTFKdmeahr",
 "latitude":25.5424,
 "longitude":-103.4343
 },{
 "title":"@Z06Anamaria Muy buenos días Ana, que tengas un hermoso inicio de fin de semana. 😀🌺🙏👌",
 "latitude":20.5226915,
 "longitude":-100.772211
 },{
 "title":"La vida es eso que se te escapa cuando te pones a pensar en qué es la vida. 🤯  @robertomtzTV",
 "latitude":20.6215735,
 "longitude":-103.2131755
 },{
 "title":"Seguimos en la mejor perversión Vamos a coger rico amor Disponible para hotel Hoy te estoy esperando asi vamos a disfrutar de todo esto!! Información waths o md Hasta las 12 am Zonas disponibles Cdmx Naucalpan Tlalnepantla Atizapan Cuautitlan izcalli https://t.co/QIMlDQZnb4",
 "latitude":19.473794,
 "longitude":-99.310428
 },{
 "title":"@CheveDelOxxo la q dijo te amo🥲",
 "latitude":28.9698625,
 "longitude":-111.498181
 },{
 "title":"@xlightmoonx1 Pásame la foto que quieras editar y lo hago !! https://t.co/4YQ2VSMoeP",
 "latitude":20.676652,
 "longitude":-103.335882
 },{
 "title":"Si a mis gatos no les caes bien, a mi tampoco. 📈",
 "latitude":17.3916575,
 "longitude":-99.7241815
 },{
 "title":"@Dalumusica Genial @Dalumusica  Gracias @ssmester  por el apoyo",
 "latitude":24.6624885,
 "longitude":-107.3420565
 },{
 "title":"@tsundoku____ Gracias bebs 😘😘",
 "latitude":20.676652,
 "longitude":-103.335882
 },{
 "title":"Debido a que se andan pirateando mis fotos en otras redes sociales me vi obligado a ponerles marca de agua 😅 Les dejo lo disponible Local y visita hasta XXXL Todos los demas modelos hasta  XXL https://t.co/4M2GFemjs8",
 "latitude":19.380613,
 "longitude":-99.1614805
 },{
 "title":"Mi tentacion favorita del sur, de un hobby ahora ya es mi especialidad, crujientes, fritos y con chicharrones!!! :) Los encuentras en La Araucana Stop manzana 6 casa 21 Mirador de Puerto Varas. https://t.co/GzSuBG1DiT",
 "latitude":19.29987963,
 "longitude":-99.08114572
 },{
 "title":"@mariel_dguezm @jezzzini Así que eres Cristiana… 🤔😂",
 "latitude":19.1431005,
 "longitude":-96.0989905
 },{
 "title":"@Naru_Slash 😂😂😂 Meten argumentos bien cabrones para justificar los actos de quinientos años atrás, pero también los de ahora.",
 "latitude":16.603095,
 "longitude":-95.0788795
 },{
 "title":"@SirenaShow_ Buenas madrugadas!!! Espero que te la estés pasando bien !!! ❤️❤️ ya te dormiste?",
 "latitude":16.9589495,
 "longitude":-99.7356495
 },{
 "title":"@Dra_SazMD hola Dra. podría ayudar a la @FundacionToby para adopción y donación de recursos económicos para lomitos, michis y demás animalitos por favor? También los puede ver en YouTube como manada Toby, es por un acto de bondad, amor y generosidad por los peludos. Gracias. https://t.co/Ar4qZeJXLt",
 "latitude":19.4320755,
 "longitude":-99.087817
 },{
 "title":"Yo? Inmunizada hasta los calzones",
 "latitude":20.7152745,
 "longitude":-100.4405945
 },{
 "title":"Diligencias entre Cerrada Diligencias y Azucena, San Pedro Mártir, Tlalpan, Carretera Cuernavaca Libre!!",
 "latitude":19.199485,
 "longitude":-99.208364
 },{
 "title":"buenas noches !!! https://t.co/5zYgjYZ3B6",
 "latitude":25.6417185,
 "longitude":-100.2935915
 },{
 "title":"@YatziriZavala Preciosa 😘🔥",
 "latitude":21.09806,
 "longitude":-101.601401
 },{
 "title":"@El_Universal_Mx @lopezobrador_ @lopezobrador el hubiese no existe, lo que existe es el presente y el presente es usted, y lo está haciendo muy mal, el país está hecho un caos.",
 "latitude":19.473794,
 "longitude":-99.310428
 },{
 "title":"Seguimos con ensalada de lechuga con piña, avena, ajonjolí garapiñado, totopos, salsa macha y agua de limón (@ Comida Y Antojitos Chely in Totolapan, MOR) https://t.co/HDbC2jTKxx https://t.co/Tu51EZ9Dig",
 "latitude":18.988437,
 "longitude":-98.922823
 },{
 "title":"@CMAS_Xalapa  Hola he tratado de comunicarme sin éxito al número 22 86 88 46 31, pero nadie contesta. Necesito que una cuadrilla vaya a cerrar la abertura fuera de mi casa por una fuga. Reporte 877807, podrían darme una fecha estimada, esto ya tiene 7 día! https://t.co/cVCuPDQEuC",
 "latitude":19.542054,
 "longitude":-96.886083
 },{
 "title":"Deja tú escribirlo, pronunciarlo, igual que  sexto  🥲  También me es imposible decir:  Patrulla de cachorros  sin que revuelva las letras en la cabeza...   Estúpida dislexia.",
 "latitude":19.518656,
 "longitude":-99.1158905
 },{
 "title":"Acabo de ver el video de “Carlos Muñoz” y el mesero. Wakala que asco de persona es ese mentado carlos",
 "latitude":23.9541625,
 "longitude":-104.837578
 },{
 "title":"Se me antojaba pelear con gente de El Salvador durante el partido, pero no sé si ya tengan Internet.",
 "latitude":21.849459,
 "longitude":-102.327207
 },{
 "title":"@El_Universal_Mx Según expertos en la materia ,esta reforma causará más daño a la nación que beneficios(aumentará servicio a más del 40 por ciento)algo alarmante si tomamos en cuenta que la canasta básica está por lo cielos,ojalá se tome la mejor decisión al respecto por el bien de mi Mexico",
 "latitude":25.8057225,
 "longitude":-100.640491
 },{
 "title":"@fmhh62 @JTrianaT Si. Tienes razón @JTrianaT es un pobre pndejo😂😂",
 "latitude":28.941866,
 "longitude":-106.1628985
 },{
 "title":"@HNoticiasMX 😂🤣😂🤣😂🤣🤣😂  Mexico lindo y querido  🤣😂🤣🤣🤣😂🤣😂🤣",
 "latitude":20.5226915,
 "longitude":-100.772211
 },{
 "title":"@ESPNmx Esos dientes son inigualables!",
 "latitude":19.518656,
 "longitude":-99.1158905
 },{
 "title":"A sacarle punta a los chinos (@ Peluqueria Unisex ISIS in Puebla) https://t.co/63zGiShsmD https://t.co/kikO3zgfKR",
 "latitude":19.05546437,
 "longitude":-98.19985202
 },{
 "title":"Ya se q me estas tirando el pedo, nomas me estoy haciendo pendeja",
 "latitude":17.706791,
 "longitude":-94.3909125
 },{
 "title":"Nunca había llorado tanto por alguien ;,)",
 "latitude":18.4528265,
 "longitude":-91.6332875
 },{
 "title":"@ErendiraTecpatl Y sí se le ve cara de capitalista salvaje ehhh!!! 😆😱😬",
 "latitude":28.941866,
 "longitude":-106.1628985
 },{
 "title":"@Peterpeleador Me encanta el chocolate 😋 🤤",
 "latitude":20.489709,
 "longitude":-103.407581
 },{
 "title":"¡Primer teaser de #TheFlash! Desde #DCFanDome llega el primer avance de la nueva cinta del velocista de #DC. Dirigida por #AndyMuschietti (#IT) y protagonizada por #EzraMiller. Llega a cines el próximo año ⚡ #4everMangaMX https://t.co/UhFRWqvlAF",
 "latitude":19.432836,
 "longitude":-99.153366
 },{
 "title":"@GaryGaribaldiJr Jajajaja me lo atravieso al que se me atraviese",
 "latitude":25.6417185,
 "longitude":-100.2935915
 },{
 "title":"Un fin de semana de mucha retroalimentación, intercambio de palabras con personas que quiero y me quieren, muy buen fin de semana para lo interior 😇👊🏻",
 "latitude":19.542054,
 "longitude":-96.886083
 },{
 "title":"@Cicuta1975 Te lo cambio por el mío 😂😂😂",
 "latitude":22.270295,
 "longitude":-97.916772
 },{
 "title":"@SimpsonH Date cuenta 🤣🤣🤣 https://t.co/DxI2cWaMwH",
 "latitude":24.6624885,
 "longitude":-107.3420565
 },{
 "title":"Reto Escarabajos Bike 💯👌🚵 https://t.co/EVKXHYtUjD",
 "latitude":19.7004725,
 "longitude":-103.5109195
 },{
 "title":"@Javier_Hidalgo @BicireporteraDF así diario , en la @FGR , @UCS_GCDMX , Dr. Velasco Y Dr. Lavista , es cínico lo del 1 por ciento @Dafneconefe https://t.co/vjLOhVDbus",
 "latitude":19.432836,
 "longitude":-99.153366
 },{
 "title":"@W_ACCIONPLANET Kaliman lectura obligada (si lo conseguías porque  volaba ). Falta El Pantera",
 "latitude":19.245091,
 "longitude":-98.7270065
 },{
 "title":"@_PonchoDeNigris Me estuve pisando a una linda secretaria hasta que me hice novio de la Lic , me mira bien enojada cuando bajo de la oficina ...",
 "latitude":25.778679,
 "longitude":-100.1687175
 },{
 "title":"@samuel_garcias Mi gallo como siempre le dije en su campaña se podrían cambiar los protocolos de adopción de niños que sean más fácil para poder darle una vida mejor a un niño",
 "latitude":25.6417185,
 "longitude":-100.2935915
 },{
 "title":"Al fin conoceré Puerto Vallarta 😎 en vísperas de mis 33 años",
 "latitude":19.359356,
 "longitude":-98.7972475
 },{
 "title":"@DonVocero No se equivocó, y eso es lo peor de todo, nosotros no le entendimos, cuesta 10, pero su precio de venta es de más del doble, ¿Se acuerdan de  no subirán en términos reales ?...",
 "latitude":19.318042,
 "longitude":-99.2480095
 },{
 "title":"Si alguien quiere ver la cojida que le di a mi esposa arriva del cofre de la camioneta se tendrá que reporta con algo económico y al que deposite se le mandara el vídeo directo https://t.co/GnpjvyoDqL",
 "latitude":20.676652,
 "longitude":-103.335882
 },{
 "title":"Los cristales te dicen hoy : . Eres increíble! Has estado trabajando muy duro últimamente y definitivamente te mereces la recompensa, así que no te detengas o sientas culpable por merecerá. #FelizMiercoles . https://t.co/uC6AActsTU 🧙‍♂️🎴🧿 . . #arkanoezael #tarot #dailymessage https://t.co/80VIyXKfXd",
 "latitude":19.543933,
 "longitude":-99.1642825
 },{
 "title":"G⚽⚽⚽⚽l De @miseleccionmx Gool de @HectorMorenoh Al Minuto 30  #Mexico 1-0 #ElSalvador",
 "latitude":27.473712,
 "longitude":-99.726569
 },{
 "title":"Y entre más lejos mejor.",
 "latitude":21.849459,
 "longitude":-102.327207
 },{
 "title":"@juanxon Que prepotente",
 "latitude":28.9698625,
 "longitude":-111.498181
 },{
 "title":"Hola mor https://t.co/QFDoQtc5Bu",
 "latitude":25.6766035,
 "longitude":-100.196134
 },{
 "title":"@econtreras8305 Gracias 😄",
 "latitude":20.673542,
 "longitude":-101.3403935
 },{
 "title":"@TELMEXSoluciona @infinitum Mmmmm yo llevo 480 horas sin servicio y nada son una mierda y todavía pones su pagina @TELMEXSoluciona soluciona que nada pinches servicio de porquería",
 "latitude":20.5382655,
 "longitude":-101.507392
 },{
 "title":"Nel, yo no ocupo pandemias para ser huraño…",
 "latitude":25.6766035,
 "longitude":-100.196134
 },{
 "title":"Quiero que llegue el día en el que te pueda ver a diario",
 "latitude":25.6766035,
 "longitude":-100.196134
 },{
 "title":"@makugo ¿Ya vas a publicar la reforma para los #MatrimonioIgualitario? https://t.co/aDY6eICZFO",
 "latitude":20.7152745,
 "longitude":-100.4405945
 },{
 "title":"Miguel Angel Barranco, de la planilla verde gana las elecciones a la presidencia de la Unión Local de Productores de Caña de Azúcar #CuautlaHoy #Cuautla https://t.co/ZVAFmjCU86",
 "latitude":18.827419,
 "longitude":-98.9534575
 },{
 "title":"¡Echa un vistazo al vídeo de Hugo Ramirez Cruz! #TikTok https://t.co/PqzIobrIvz",
 "latitude":20.676652,
 "longitude":-103.335882
 },{
 "title":"El sexto sentido nunca falla 😥",
 "latitude":19.2400535,
 "longitude":-98.824316
 },{
 "title":"Día de trabajo. Juzgados cdmx. Juicio familiar. Lic Erick Lara. https://t.co/40sa3RqrtY",
 "latitude":19.2515305,
 "longitude":-99.5799145
 },{
 "title":"Ahora quien será el lesionado? Hagan sus apuestas",
 "latitude":25.778679,
 "longitude":-100.1687175
 },{
 "title":"Muchas gracias estimado @AbelardoRuiz_ por hacernos partícipes de las pruebas de clasificación de la #CarreraPanamericana2021 desde la Villa de #Mitla. Mañana se da banderazo de salida a las casi 47 tripulaciones desde el centro de la ciudad de #OaxacaDeJuárez.   ¡Éxito a tod@s! https://t.co/wUUopsTzRm",
 "latitude":17.1575475,
 "longitude":-96.21069
 },{
 "title":"@Yorche_dice Todo lo que ves es real.",
 "latitude":19.1713575,
 "longitude":-100.1125095
 },{
 "title":"@TigreNumerico @TigresFemenil @ChivasFemenil No sean soberbios...",
 "latitude":25.6417185,
 "longitude":-100.2935915
 },{
 "title":"@borringer82 @BocanadaDeAireF @mxrush76 Es que como la UE se avienta a hacer un reglamento así. Cuando no tienen tanto gas natural en su territorio. Eso es suicida. Además por ahí escuché que cerraron 8 plantas de carbón.",
 "latitude":19.328383,
 "longitude":-99.15234
 },{
 "title":"Me gustaría ver las estrellas contigo aunque se que yo te estaría viendo a ti.",
 "latitude":18.7044425,
 "longitude":-100.285247
 },{
 "title":"@Marcelara151 Ya pronto tú también Marce!",
 "latitude":25.6417185,
 "longitude":-100.2935915
 },{
 "title":"¿Eso me lo van a descontar del recibo o qué? Nimodo que sean la única compañía… 🤬 @TELMEXSoluciona @Telmex https://t.co/SIUhQTcB7E",
 "latitude":23.9541625,
 "longitude":-104.837578
 },{
 "title":"@hectorMTC Me encantó tu pelo.",
 "latitude":20.489709,
 "longitude":-103.407581
 },{
 "title":"@Zoroastro_2021 @DiegoFC Eso me recuerda al hijo que concibió la @GloriaTrevi  en presión allá por Brasil 🧐",
 "latitude":20.790657,
 "longitude":-103.4847745
 },{
 "title":"Construye tus propias alas 🦋  #mujerdunamismx #futuro150 #lideresdefuturo150 https://t.co/P1l46WonDu",
 "latitude":21.048719,
 "longitude":-87.0316645
 },{
 "title":"Comienza a llover en el cuscatlan!!!",
 "latitude":19.3740755,
 "longitude":-99.3184285
 },{
 "title":"@el_karadepapa Muy bien",
 "latitude":25.6417185,
 "longitude":-100.2935915
 },{
 "title":"Detección oportuna.  #CuidatuCuerpo #Salud",
 "latitude":20.790657,
 "longitude":-103.4847745
 },{
 "title":"No fui cobarde fue miedo, sentí que acababa mi tiempo",
 "latitude":25.6417185,
 "longitude":-100.2935915
 },{
 "title":"@FedericoArreola @lopezobrador_ Aquí está tu premio, lambicosón de cuarta https://t.co/VPvoKw8GRx",
 "latitude":16.7424355,
 "longitude":-93.1396595
 },{
 "title":"@epigmenioibarra Mientras la oposición fracasada, no tenga propuestas. Seguirán ladrando como perros con rabia. Entre más ladran, indica que nuestro presidente va muy bien.",
 "latitude":16.8679195,
 "longitude":-98.732615
 },{
 "title":"@TELMEXSoluciona Pues me llamaron casi a las 9 de la noche, hablé un par de minutos con la persona quien me marcó y se cortó la llamada y no se comunicó otra vez. Me dijo que “estaba revisando mi caso” pero nada más…",
 "latitude":18.933812,
 "longitude":-99.260819
 },{
 "title":"@MiEscuelaFutbol Por tanto, si no tienes jugadores dotados, no intentes jugar de esta manera. En el fútbol debes potenciar las cualidades de tus jugadores y con base en eso desarrollar tu modelo de juego, no al revés. Porque luego dicen, que bonito juega tal equipo, salen jugando desde atrás...",
 "latitude":19.399101,
 "longitude":-99.096496
 },{
 "title":"@chiqis_r @RealAlmazan00 @BecerrilJovanhy @GolpistasAnti @bogv19710521 @GustavoRocMtz Exacto #ReformaElectricaVa https://t.co/qxHJXpNOX8",
 "latitude":19.8131445,
 "longitude":-99.0829075
 },{
 "title":"@chicuela Feliz día bendiciones ❤️ ❤️ 😍 ❤️ 🙏 🙏 🙏 🙏 🙏 🙏 🙏 Gracias por compartir bendiciones ❤️ ❤️ 😍 ❤️ 🙏 🙏 🙏 🙏 🙏 🙏",
 "latitude":22.283026,
 "longitude":-97.8225365
 },{
 "title":"Todos debemos hacer respetar nuestros derechos #RT",
 "latitude":19.432836,
 "longitude":-99.153366
 },{
 "title":"@latinus_us Y tres años después abres la boca @ManuelBartlett ? Que conveniente el comunismo descarado no tienen madre",
 "latitude":20.478755,
 "longitude":-100.439731
 },{
 "title":"No, no es de fresas pedir una botella en el Sayu 😂😂",
 "latitude":25.736715,
 "longitude":-100.270474
 },{
 "title":"@SSC_Pue @Yosoy4t @eduardorivera01 @SSC_Pue les pido de la manera más atenta que sus patrullas de tránsito anden muy al pendiente en la 16 de septiembre casi llegando a las torres,la ruta 33 sale de la calle 77ote y abarca carril contrario para que se pueda meter en las torres,hoy como a las 2:00 pm iban a chocar",
 "latitude":19.0322295,
 "longitude":-98.1542665
 },{
 "title":"@Milenio El es el mejor ejemplo que se tiene.  Vergüenza mundial.",
 "latitude":19.0145205,
 "longitude":-98.3447715
 },{
 "title":"@VictorSanoro @LegislativoJal Buen trabajo realizado como diputado maestro @VictorSanoro  🤝",
 "latitude":20.676652,
 "longitude":-103.335882
 },{
 "title":"Hoy me dijeron “bonita” en portugués 💜",
 "latitude":25.6766035,
 "longitude":-100.196134
 },{
 "title":"Siempre han representado empresas no al pueblo.",
 "latitude":20.790657,
 "longitude":-103.4847745
 },{
 "title":"Ya les encontré disfraz con las 3 B. Bueno, bonito y barata como ustedes. https://t.co/tB7RQ413fW",
 "latitude":20.790657,
 "longitude":-103.4847745
 },{
 "title":"@Sargentoleon Déjame tus chones en mi casa mamá!! Te espero en Tijuana!!! Jaja",
 "latitude":32.3328765,
 "longitude":-116.929102
 },{
 "title":"Acaba de publicar una foto en Mexico City, Mexico https://t.co/XC3Wq154Cr",
 "latitude":19.4326,
 "longitude":-99.1332
 },{
 "title":"Lo que me trabajo mi mamá   bolsas de almendras nuez de la India. I pistaches 😁😁 me voy a convertir en ardillas 🐿 https://t.co/Y5ozuIIfCm",
 "latitude":27.473712,
 "longitude":-99.726569
 },{
 "title":"@Linea_Zapopan Buenas noches hago reporte de falla en luminarias desde ayer en la noche sobre la calle Bellotas entre Andador Zarzamoras y Av. Cerezos en la Colonia Tuzania.",
 "latitude":20.790657,
 "longitude":-103.4847745
 },{
 "title":"Hoy me le subieron de peso en sentadilla libre casi muero, hoy duermo bien a gusto .",
 "latitude":20.7152745,
 "longitude":-100.4405945
 },{
 "title":"Sencillez Bondad  Humildad  Son grandes atributos, que hacen de una persona toda una 💎💎💎 @Rayadas @AylinAvilez1  Dar las gracias...  Es lo máximo!!!!",
 "latitude":25.6417185,
 "longitude":-100.2935915
 },{
 "title":"@DenverBroncosMx @Broncos @FanaliticoNFL @Applebeesmx ¿Hay alguna comunidad acá en Guadalajara que haga lo propio?.",
 "latitude":20.790657,
 "longitude":-103.4847745
 },{
 "title":"Buenos días con #tipgrupoheredia en Grupo Heredia https://t.co/1sWviUuOqR",
 "latitude":22.26855177,
 "longitude":-97.87349118
 },{
 "title":"@Ross_septiembre Que cuando se pondrá a trabajar el vgt de palacio https://t.co/cKfRUe0bUV",
 "latitude":19.1431005,
 "longitude":-96.0989905
 },{
 "title":"Todos necesitamos y merecemos un amor a la antigua... de aquellos en dónde el respeto abunda y el cariño sobra.",
 "latitude":20.0537185,
 "longitude":-98.7155595
 },{
 "title":"@pichonespinoza @gallogf Entré a Youtube y si... Sus canciones s están pal perro.",
 "latitude":28.9698625,
 "longitude":-111.498181
 },{
 "title":"@ese_mismo_ ¿Qué pasó con los carpinchos? Estoy preocupado.",
 "latitude":19.432836,
 "longitude":-99.153366
 },{
 "title":"Justo cuando cumplo 3 meses en mi nuevo trabajo, me aplican mi novatada 🥲   Hoy los odio poquito y lo saben hasta en Amsterdam",
 "latitude":20.699078,
 "longitude":-103.386233
 },{
 "title":"Porque nadie sabe lo que tenemos",
 "latitude":18.0902165,
 "longitude":-94.171383
 },{
 "title":"Me siento como que me chupó el diablo. 🤷🏻‍♂️ Y ojalá de la buena forma.",
 "latitude":21.09806,
 "longitude":-101.601401
 },{
 "title":"Nube.. pero tengo otros tres perritos y un gato. https://t.co/RBRWk34uih",
 "latitude":19.4299345,
 "longitude":-99.2115105
 },{
 "title":"@aarcedd @letymoron Que tengas suerte.",
 "latitude":19.518656,
 "longitude":-99.1158905
 },{
 "title":"Alguien epor aquí",
 "latitude":19.215614,
 "longitude":-96.185891
 },{
 "title":"Entreno de 11 kilometros ✅🏃🏻‍♀️",
 "latitude":20.676652,
 "longitude":-103.335882
 },{
 "title":"@Lily_Rosse7 Muchas gracias pero tú no te preocupes cuando gustes pide el micrófono y exprésate.",
 "latitude":19.183953,
 "longitude":-96.2293965
 },{
 "title":"Ennrevista completa @coldplay en Alemania @BTS_twt https://t.co/jbgT4DGgmE",
 "latitude":24.6624885,
 "longitude":-107.3420565
 },{
 "title":"¡EQUIPO COMPLETO!🔵👊🏻  ¡Estamos listas, mañana dejamos todo en el 🏟Cuauhtémoc!💯 ¡Juntas, ante todo y sobre todo!💙🎀  RT si mañana apoyarás desde primera hora a #LaFranjaQueNosUne🎽 https://t.co/JlgumfFzJd",
 "latitude":19.0322295,
 "longitude":-98.1542665
 },{
 "title":"Si nadie lloró con la escena final de la muerte de snape, no existen para mí, es neta.",
 "latitude":20.676652,
 "longitude":-103.335882
 },{
 "title":"@hanz_elmo777 A la orden 😉",
 "latitude":19.4857835,
 "longitude":-99.182126
 },{
 "title":"Todas las tallas de niño de 4 a 14 años Adulto S a XXXL https://t.co/RsZ3mv5f3Z",
 "latitude":19.380613,
 "longitude":-99.1614805
 },{
 "title":"Muy buenos dias tengan todos https://t.co/wsV8SJPlqM",
 "latitude":26.096772,
 "longitude":-98.3236045
 },{
 "title":"@MayraCoronaC Menos mal que era una chica, si hubiera sido chico, chico sustote que te habría pegado!!! 😬😬😬😅😅😅",
 "latitude":19.0322295,
 "longitude":-98.1542665
 },{
 "title":"@xuefam Procederé, esa si está buena",
 "latitude":28.7677765,
 "longitude":-106.9085085
 },{
 "title":"Creo que la rege #TristeMil",
 "latitude":19.199485,
 "longitude":-99.208364
 },{
 "title":"@RGAzteca1 Muchas gracias igualmente para ti",
 "latitude":21.09806,
 "longitude":-101.601401
 },{
 "title":"@barbarazubeldia Hahaha te lo juro que si , yo andaba paseando a mi perro bien tranqui cuando de repente pasó eso haha 🌝",
 "latitude":20.9100115,
 "longitude":-100.7761945
 },{
 "title":"Cómo dijo mi hermano, sábado con S de sin remordimiento",
 "latitude":19.652724,
 "longitude":-101.27577
 },{
 "title":"Alguien me regala una recarga .?🥺 ,manden dm quien pueda plis .?",
 "latitude":18.4528265,
 "longitude":-91.6332875
 },{
 "title":"https://t.co/RTnkRGHLOJ El reseteo de América. #FelizMartesATodos",
 "latitude":19.3427885,
 "longitude":-99.050461
 },{
 "title":"Aquí todos los días son fin de semana. https://t.co/qbFTc2Oasg",
 "latitude":20.5845305,
 "longitude":-87.346982
 },{
 "title":"Tengo mucho desconocimiento sobre la reforma energetica. No diré ningún comentario hasta ver distintos puntos de vista de expertos y de opiniones económicas y medio ambientales.",
 "latitude":19.3427885,
 "longitude":-99.050461
 },{
 "title":"Mi Señor que tu paz sea sobre Israel https://t.co/XFO8P22rhl",
 "latitude":28.941866,
 "longitude":-106.1628985
 },{
 "title":"Un día como hoy de hace 5 años estaba en la sala de espera de un hospital con un buen de miedo de que nos llamen y nos digan que mi papá Ya No estaría más aquí. Hoy le doy gracias a Dios que desde ese día le dio otra oportunidad y que el cáncer se fue.",
 "latitude":20.941035,
 "longitude":-89.623611
 },{
 "title":"No mamen y lo querían de portero titular 🤦🏻",
 "latitude":24.8558175,
 "longitude":-99.538038
 },{
 "title":"«No cedas; no bajes el tono, no trates de hacerlo lógico, no edites tú alma de acuerdo a la moda. Mejor, sigue sin piedad tus obsesiones más intensas».        -Franz Kafka.",
 "latitude":19.0322295,
 "longitude":-98.1542665
 },{
 "title":"Alguien me hace uns recarga Telcel +52 55 1147 9856 mando un video especial 😋",
 "latitude":19.432836,
 "longitude":-99.153366
 },{
 "title":"Espero me vaya mejor en la siguiente vida o de plano mejor no regresar.",
 "latitude":19.2843215,
 "longitude":-99.655676
 },{
 "title":"Llegó el momento de que las y los adolescentes con comorbilidades o adolescentes embarazadas reciban la vacuna contra el #COVID19. 💉  Realiza el registro de tu hija o hijo y mantente al tanto de las indicaciones, pues muy pronto iniciará la inoculación. 👩🏻‍🦱👨🏾‍🦰 https://t.co/60OsYbTzz8",
 "latitude":20.1056375,
 "longitude":-98.775808
 },{
 "title":"Ya se arreglo mi wpp, disculpen las molestias generadas. 🤓",
 "latitude":22.3111195,
 "longitude":-100.955511
 },{
 "title":"Se fue se fue se fue home run @Dodgers  2 a 1 @LosBravos !!! 4 entrada !!",
 "latitude":20.941035,
 "longitude":-89.623611
 },{
 "title":"Gracias por el hilo @rmcamposvazquez 👇",
 "latitude":19.380613,
 "longitude":-99.1614805
 },{
 "title":"Porque no me llegan las transferencias a mi tarjeta?",
 "latitude":26.8782035,
 "longitude":-101.220857
 },{
 "title":"@eduardozarazu Labios https://t.co/y7Zg3mjLra",
 "latitude":20.676652,
 "longitude":-103.335882
 },{
 "title":"@elreporteromx Buen día!",
 "latitude":31.02273,
 "longitude":-109.2040455
 },{
 "title":"@DeniseDresserG Bola de verdejos, verdes de putrefaccion",
 "latitude":21.048719,
 "longitude":-87.0316645
 },{
 "title":"Ya cayó el 1ero….",
 "latitude":20.835845,
 "longitude":-105.2845295
 },{
 "title":"Si juzgas a la gente no tienes tiempo para amarla. (Santa Teresa de Calcuta)",
 "latitude":19.328383,
 "longitude":-99.15234
 },{
 "title":"@SancadillaNorte Uy muy bien tata cachetada con guante blanco,a todos los pendejos que se dejan influenciar por fanáticos, lo que más coraje da es que se jactan de saber de fútbol, eso sí da coraje,y los aficionados pendejos con todo respeto ahí están haciendo segunda a los mercenarios de microfo",
 "latitude":25.6417185,
 "longitude":-100.2935915
 },{
 "title":"@Mariazelzel Yo que no soy Americanista, me quedo con Cuahutemoc, sin dudas...",
 "latitude":20.790657,
 "longitude":-103.4847745
 },{
 "title":"#MiSalvadorEs Héctor Moreno https://t.co/a9XIJ8Rc4G",
 "latitude":25.8073145,
 "longitude":-100.3652735
 },{
 "title":"19:33 México 🇲🇽  21:33 Argentina 🇦🇷  Inician los trabajos rumbo a  “Caminata por la Lectura”  Cuernavaca, México,2021 donde Leer es el Camino! @argnarrada @Qadiasur01",
 "latitude":18.8466465,
 "longitude":-99.2739295
 },{
 "title":"@Alberto05243249 Hay calor y mucho sol",
 "latitude":20.941035,
 "longitude":-89.623611
 },{
 "title":"Yo te quiero con limón y sal.✨",
 "latitude":25.778679,
 "longitude":-100.1687175
 },{
 "title":"Totalmente valió la pena la postguardia.  El destino te trae de regreso a las personas especiales. 🤗 #SeñorDoctorProfesor",
 "latitude":19.2515305,
 "longitude":-99.5799145
 },{
 "title":"La @karendvq y yo entrando al cine",
 "latitude":28.9698625,
 "longitude":-111.498181
 },{
 "title":"@Travlerz2 Que torpeza de comentario. La nota trae un anzuelo con esa foto y hemos caído, tu en dirigirte al físico de la atleta y yo pues en pedirte que no lo hagas 🤷🏻‍♀️",
 "latitude":21.09806,
 "longitude":-101.601401
 },{
 "title":"¿Qué le ve Santiago Solari a pecho frío? ¡Es malísimo!",
 "latitude":22.3111195,
 "longitude":-100.955511
 },{
 "title":"El olor de octubre si existe.",
 "latitude":19.518656,
 "longitude":-99.1158905
 },{
 "title":"Charros...  Ya que me estaba animando...  🤣🤣🤣",
 "latitude":19.4857835,
 "longitude":-99.182126
 },{
 "title":"Tengo vecinos con buen gusto. Están escuchando Happier Than Ever. 🤌🏻🧸",
 "latitude":20.1056375,
 "longitude":-98.775808
 },{
 "title":"El día que me midieron me di cuenta que reduje 6 cm de cintura y ningún cm de NALGAAA omg Dios me lleva de la mano 100pre",
 "latitude":24.6624885,
 "longitude":-107.3420565
 },{
 "title":"@tonyalmaraz4 Buenos días, así como no se va a levantar el ánimo, saludos https://t.co/QcjqZQU8rH",
 "latitude":21.09806,
 "longitude":-101.601401
 },{
 "title":"@RAMONRAYA23 Diseñando las portadas de sus pasquines",
 "latitude":25.6417185,
 "longitude":-100.2935915
 },{
 "title":"⚡️ #Hidalgo | Entrega gobierno de #Tula paquetes agrícolas para impulsar el desarrollo agrícola   Aquí la información 👇 https://t.co/aYVcNfiUGa",
 "latitude":20.0567145,
 "longitude":-99.384564
 },{
 "title":"Que ustedes trabajan hoy?!?! 🤪",
 "latitude":25.6417185,
 "longitude":-100.2935915
 },{
 "title":"Nobel de Medicina: la importancia de percibir el mundo y adaptarnos a él @@Gaceta_UNAM https://t.co/3n9EmA8767",
 "latitude":19.473794,
 "longitude":-99.310428
 },{
 "title":"@VicenteFoxQue Tu ya deja de lloriquear marihuas .",
 "latitude":19.7926165,
 "longitude":-100.0528825
 },{
 "title":"@CarmenGuajardoG Andas vibrando bajo?",
 "latitude":25.736715,
 "longitude":-100.270474
 },{
 "title":"@DrLorenzoMeyer Que hay tanto envidioso, chismoso y ardido haciéndose pasar por intelectual",
 "latitude":19.6562895,
 "longitude":-99.233657
 },{
 "title":"Entonses así el golpe de el arma del soldado de Francia golpeara el barro oke pedo en la anaranjada nada le pasa a nadie y la verdadera respuesta sería la cabesa de chango en esta figura isieron un desbarajuste bien cabron pero pienso ese es el método para juntar las piesas",
 "latitude":32.3328765,
 "longitude":-116.929102
 },{
 "title":"@mario_delgado A cambio de incendiar bosques y selvas o introducir especies no compatibles o dañinas!!!!!",
 "latitude":19.380613,
 "longitude":-99.1614805
 },{
 "title":"@Morochanow Aww pequeño pony",
 "latitude":19.4857835,
 "longitude":-99.182126
 },{
 "title":"Miren yo ya llegué al punto en que digo que quiero ir a algún lado y mi hija la mayor se encarga de toda la logística del viaje, compra todo, reserva, reparte, agenda y ya nomás me pasa mi cuenta. Así deberían de ser todos los hijes. #ParenthoodGoals https://t.co/rl6yzwCst8",
 "latitude":31.452274,
 "longitude":-106.568008
 },{
 "title":"@MissCromatina Ahí compra sus sacos @soymastermunoz supongo",
 "latitude":25.244223,
 "longitude":-103.23313
 },{
 "title":"Ayer me llegó mi playera de Irlanda, entonces tuve que correr para estrenarla. #gt5k  🤭 @ Mexico City, Mexico https://t.co/eyLOjbCPRf",
 "latitude":19.4326,
 "longitude":-99.1332
 },{
 "title":"No sé en qué momento las conversaciones con mi compañero del despacho pasaron a ser de que comimos hoy 🤔😂😂",
 "latitude":19.4299345,
 "longitude":-99.2115105
 },{
 "title":"#ParqueFundadores  Buenos proyectos",
 "latitude":19.56828,
 "longitude":-99.0444445
 },{
 "title":"Me gusta mucho el maldito 💔",
 "latitude":19.328383,
 "longitude":-99.15234
 },{
 "title":"Estaba aburrido y me puse a grabar un video para YouTube jijij",
 "latitude":19.3120845,
 "longitude":-96.597589
 },{
 "title":"@MetrobusCDMX Gracias, espero que ya no suceda más, no está chido esperar un buen rato y luego tener que echar la carrera para alcanzar la unidad.  Bonita noche",
 "latitude":19.380613,
 "longitude":-99.1614805
 },{
 "title":"😈 tanga nueva 🍑 ya la quiero estrenar 😈 pero para que me la hagan de ladito 🤤 https://t.co/FgAWI6zImg",
 "latitude":18.856709,
 "longitude":-97.112844
 },{
 "title":"@TMFCoficial porque creíamos tener estabilidad con Orlegi, es más soñamos con tener Liga MX en el mediano plazo, creo que por los aficionados que apoyamos a muerte este equipo, nos deben por lo menos un comunicado",
 "latitude":19.518656,
 "longitude":-99.1158905
 },{
 "title":"De 80 grupos en los que estaba en WhatsApp, solo me queda ver que pasará con los otros 40",
 "latitude":25.711095,
 "longitude":-103.50418
 },{
 "title":"El Memo durante sus años de universidad. Digo, no es que haya cambiado mucho, pero ya me preocupo por no ir tan lejos, “no vaigaser” 🤣",
 "latitude":19.2362445,
 "longitude":-99.08179
 },{
 "title":"Ser mi novio está bn fácil,solo haces todo lo q yo diga y ya🥺",
 "latitude":21.1059435,
 "longitude":-100.918596
 },{
 "title":"Soy un maldito romántico pero ya nadie quiere eso, o bueno si pero de hombre guapos y esos nomás no hacen eso jajajaja",
 "latitude":18.291262,
 "longitude":-93.341606
 },{
 "title":"Rueda de prensa en el teatro Jorge Negrete por el evento del día 15 de octubre https://t.co/N09D3Iagtn",
 "latitude":19.56828,
 "longitude":-99.0444445
 },{
 "title":"¿Porque es tan difícil?",
 "latitude":19.328383,
 "longitude":-99.15234
 },{
 "title":"Ya no tienes magia hasta el conejo se te fue del sombrero",
 "latitude":29.7840225,
 "longitude":-110.22077
 },{
 "title":"4 de 4 jajaeyyyyyyy, 12 puntotes y primer lugar. Gente me siento contento y agradecido con Dios  🙏🏼 por haber vuelto a jugar. Los que me conocen saben cuánto me gusta jugar.  Grande Pick &amp; Gool FC carajoo ⚽",
 "latitude":25.736715,
 "longitude":-100.270474
 },{
 "title":"#PortadaSPORT 🗞️ #Jueves 14/10/21 #TRC #LaAfición  🏃🏻‍♂️🏅 https://t.co/7Q36fHvAoA",
 "latitude":25.244223,
 "longitude":-103.23313
 },{
 "title":"Lo que quieras mi reina",
 "latitude":20.676652,
 "longitude":-103.335882
 },{
 "title":"Comunicado importante de la @UAQmx sobre el regreso paulatino a actividades académicas de relevancia en modalidad presencial. 📢😷 https://t.co/4Vsy7jp8Sc",
 "latitude":20.7152745,
 "longitude":-100.4405945
 },{
 "title":"No mmn si van a mandar un audio de mas de 30 segundos, ni lo manden, ni lo wa escuchar, y si lo hago, en el segundo 40 me wa distraer con la primer Mosca que pasó enfrente, llamen no sean gachaonda #porunmundolibredraudioslargos",
 "latitude":20.790657,
 "longitude":-103.4847745
 },{
 "title":"@scjm99 Que pasó?",
 "latitude":22.270295,
 "longitude":-97.916772
 },{
 "title":"@fer_ramsan @comunicacioUPF @cpontsorribes @crisperales Muchas felicidades Fer¡¡",
 "latitude":20.790657,
 "longitude":-103.4847745
 },{
 "title":"I'm at Pabellón Ciudadano in Monterrey, NL https://t.co/SbyAp2C8q8",
 "latitude":25.67561451,
 "longitude":-100.29153981
 },{
 "title":"#Undíacomohoy nacimiento de Oscar Wilde, uno de los dramaturgos más reconocidos a nivel mundial https://t.co/4HTxUbTRY0",
 "latitude":25.540505,
 "longitude":-103.460398
 },{
 "title":"Hoy hice pierna y hubo simulacro de incendio en el trabajo, soy de la brigada de Búsqueda y Rescate y tuve que recorrer TODA la planta, me dueles mis piernitas :(",
 "latitude":28.9698625,
 "longitude":-111.498181
 },{
 "title":"#ParqueFundadores #Edomex Hacen falta más lugares así👍👍👍",
 "latitude":19.396729,
 "longitude":-98.8887095
 },{
 "title":"@ElObser17730288 @PatyArmendariz Un buen burócrata tiene su ISR al día mi estimado ciudadano, se lo queda todo el @Hacienda_Mexico al. Igual que tus impuestos.. https://t.co/sb3h8t2Mt9",
 "latitude":20.941035,
 "longitude":-89.623611
 },{
 "title":"Hablenme por si me ven en el centro MONTERREY.......  @EncuentroGayMty https://t.co/idGYbvFk7K",
 "latitude":25.778679,
 "longitude":-100.1687175
 },{
 "title":"@zarate549  Dios contigo",
 "latitude":19.2755645,
 "longitude":-99.2645265
 },{
 "title":"@eduwi Que bueno, lo único seguro tu mismo y Dios. Un abrazo Olí.",
 "latitude":19.432836,
 "longitude":-99.153366
 },{
 "title":"@Hector_Rendon @LIBRESYLOKOS @TigresOficial Tengo entendido que normalmente es la cabecera Sur",
 "latitude":19.432836,
 "longitude":-99.153366
 },{
 "title":"Acaba de publicar una foto en Pon Atención https://t.co/jKJd8rqDe4",
 "latitude":18.77755,
 "longitude":-99.22436
 },{
 "title":"@picks_goat Venga claro que se puede. https://t.co/h9BGwQXvLE",
 "latitude":25.0326315,
 "longitude":-101.166961
 },{
 "title":"#2daDosisAMaestros  si  a la vacunación, exigimos al gobierno nuestro derecho a la salud",
 "latitude":19.418632,
 "longitude":-98.9408425
 },{
 "title":"@HanniaNovell Así es el día a día del ciudadano, ese que relatas en tu noticiero; los abrazos funcionan entre iguales, pero nosotros no somos iguales a los criminales, seguro que para el #InútilDePalacioNacional si funcionan.",
 "latitude":20.5580215,
 "longitude":-88.085541
 },{
 "title":"RT si te gustaría que @JennRobinEvans y yo hiciéramos más sesiones?",
 "latitude":25.6417185,
 "longitude":-100.2935915
 },{
 "title":"Balazos al pueblo,abrazos a la delincuencia",
 "latitude":18.85036,
 "longitude":-97.029204
 },{
 "title":"Urias y Scherzer de cerradores....😮",
 "latitude":25.778679,
 "longitude":-100.1687175
 },{
 "title":"@macariomx @Misha_Masha11aH Yo también quiero ganar, a costa de lo que sea, ésa es la retórica de AMLO y su prestanombres Bartlett, les urge consumir el combustoleo de Desecho y contaminante que producimos en exceso y no es comercializable, ésa es la única verdad y lo que diga AMLO es meramente mentiras",
 "latitude":29.4228025,
 "longitude":-101.8772055
 },{
 "title":"No creo que el drag con protesta HARTE tal vez no te sientas identificado ni necesitado de protestar u por hay quien lo hace, y respecto al show ya van 4 años y cada que termina una temporada siempre se quejan de todo y Al siguente año vuelven con más",
 "latitude":28.941866,
 "longitude":-106.1628985
 },{
 "title":"Ojo 👁️ 6.2% de crecimiento, según el  #FMI. A pesar de la pandemia, de los prianistas, de los chayoteros y demás criaturas del Universo. https://t.co/KJJRWuKm7i",
 "latitude":20.3880745,
 "longitude":-100.014785
 },{
 "title":"Siento mejor condición física ahora que en mis 20s",
 "latitude":19.128538,
 "longitude":-104.36338
 },{
 "title":"“Este lunes se cumplen 31 años del nacimiento del IFE y en un video difundido en sus redes sociales el presidente del hoy INE, Lorenzo Córdova, aseguró que este órgano ciudadano, que tiene plena autonomía del gobierno para organizar elecciones”",
 "latitude":20.5226915,
 "longitude":-100.772211
 },{
 "title":"@ReginaUriB Me vas a llevar a cuerna para las mutuas porras?",
 "latitude":19.4299345,
 "longitude":-99.2115105
 },{
 "title":"Que nunca se pierda la fé, que es la fuerza del alma. #Tlapa #SeñorDelNicho https://t.co/DEDB4ZCmrC",
 "latitude":17.3916575,
 "longitude":-99.7241815
 },{
 "title":"@ERIKA_DIAVOLO Tood bien, gracias.",
 "latitude":19.199485,
 "longitude":-99.208364
 },{
 "title":"@fuedicho Como se dan éstas opiniones en las redes sociales y más al amparo del anonimato, en pseudónimos o en un alias a fin de ocultar su identidad.",
 "latitude":32.3328765,
 "longitude":-116.929102
 },{
 "title":"Las estrellas te ven y piden un deseo",
 "latitude":23.9541625,
 "longitude":-104.837578
 },{
 "title":"Muy muy cierto",
 "latitude":22.270295,
 "longitude":-97.916772
 },{
 "title":"Por fin una foto en Reforma. 👌🏻🍃💙 en Paseo De La Reforma, CDMX https://t.co/frRPGFb2pM",
 "latitude":19.42744326,
 "longitude":-99.16609491
 },{
 "title":"@maruzkaa Los alka seltzer boost son mágicos 🙌🏻",
 "latitude":20.489709,
 "longitude":-103.407581
 },{
 "title":"Chale tuvo para más la brasileña y se aventó un funes mori",
 "latitude":25.6766035,
 "longitude":-100.196134
 },{
 "title":"Cuando voy a mi trabajo transbordo en Centro Médico y en Tacubaya. Con todos los vendedores ambulantes en los pasillos y la gente parada comprando es más complicado transitar las estaciones. Ya deberían retiralos porque también son un peligro en caso de una emergencia.",
 "latitude":19.380613,
 "longitude":-99.1614805
 },{
 "title":"Diligencias entre Cerrada Diligencias y Azucena, San Pedro Mártir, Tlalpan, Carretera Cuernavaca Libre!!",
 "latitude":19.199485,
 "longitude":-99.208364
 },{
 "title":"Cuando me preguntan que si ya no voy a los bares.",
 "latitude":25.6417185,
 "longitude":-100.2935915
 },{
 "title":"Acaba de publicar una foto en Loncheria Morelos https://t.co/xyFVAxxfFL",
 "latitude":20.54455544,
 "longitude":-104.04538096
 },{
 "title":"Muchas gracias Lalo!  Te mando uno de vuelta!",
 "latitude":25.6417185,
 "longitude":-100.2935915
 },{
 "title":"@JAlonsoKmposS Lastima que ya no se pueden conseguir… 😔",
 "latitude":19.3392095,
 "longitude":-98.247872
 },{
 "title":"@DonEuromx @HECTORITO Buenos Días 😘☕🙏🙋🏽‍♀️",
 "latitude":19.1431005,
 "longitude":-96.0989905
 },{
 "title":"#Monaco ❣️😍 🎵🎶No sé si habrá una segunda parte, pero si algo nos quedó es todo lo que pasó en Mónaco 🎶🎵🎶🎵🎵",
 "latitude":20.7152745,
 "longitude":-100.4405945
 },{
 "title":"La justicia y la luz deben de emerger de esta lóbrega realidad.",
 "latitude":22.3111195,
 "longitude":-100.955511
 },{
 "title":"@HernandezRRamon @YouTube @jrxopa @TEPJF_EJE Dijo que no. Pero yo considero que hemos creado una teoría ficticia de los derechos humanos y rn esta ficción los partidos políticos asumen una titularidad. Una excelente tertulia.",
 "latitude":19.4136875,
 "longitude":-98.021925
 },{
 "title":"@ftorodelidia Cómo le caería, @mataor0101, unos de lengua al vapor... #AVerSoEsCierto.",
 "latitude":19.326146,
 "longitude":-99.6050475
 },{
 "title":"La abogada Betty y diseñador gráfico Gustavo Ramos con las tazas conmemorativa edición especial limitada en Orizaba Pueblo Magico https://t.co/va9hqRnnUR",
 "latitude":18.87751943,
 "longitude":-97.10636741
 },{
 "title":"@minchocruz Lo soy!!! Luego ya me dio miedo.",
 "latitude":25.167144,
 "longitude":-99.772738
 },{
 "title":"Weeeey q pex con la gente 😂😂 https://t.co/wBmM5qqir6",
 "latitude":22.3111195,
 "longitude":-100.955511
 },{
 "title":"Oigan gente, ayer me reporté enfermo al trabajo y hoy me regresaron porque debía llevar prueba covid 🤡",
 "latitude":19.328383,
 "longitude":-99.15234
 },{
 "title":"Si te elimino en las redes sociales no significa que soy infantil, ni que estoy ardido o que hayas ganado, en realidad significa que eres una persona negativa, tóxica e irrelevante para mi vida, que ya no me importa saber lo que haces ni necesitas saber lo que yo estoy haciendo. https://t.co/sEozUSZXdO",
 "latitude":19.473794,
 "longitude":-99.310428
 },{
 "title":"@lotus_mx @rturrent No ridículo. Aprende a leer. El autoritarismo no pasa por el poder de un personaje electo democráticamente, te guste o no, y que es temporal. El autoritarismo es quien detenta el poder económico y manipula el político, medios de comunicación incluidos. De nada.",
 "latitude":28.941866,
 "longitude":-106.1628985
 },{
 "title":"Dejé de ver el juego del calamar cuando la monita decía sus mamadas en vez de 1, 2, 3 calabaza.",
 "latitude":20.7152745,
 "longitude":-100.4405945
 },{
 "title":"Desde la máxima tribuna de la @Mx_Diputados exigí un presupuesto digno y justo para el sector primario. 👊🏻  La Agricultura y el Desarrollo Rural tienen todo mi apoyo y, como Presidenta de la Comisión de Ganadería, no les daré la espalda ❗️ https://t.co/VcL7phUfDR",
 "latitude":19.43036,
 "longitude":-99.11763
 },{
 "title":"No sé que pacto hice con el diablo pero en mis trabajos jamás tengo que tomar transporte público para entregar oficios.",
 "latitude":19.432836,
 "longitude":-99.153366
 },{
 "title":"Ahora todo hace sentido con la @Refineria2Bocas.  Ccp. Doña culera @rocionahle",
 "latitude":19.432836,
 "longitude":-99.153366
 },{
 "title":"Me volví a ilusionar y me volví a sentir usada con la misma persona.",
 "latitude":22.270295,
 "longitude":-97.916772
 },{
 "title":"@gabrielasalinas @estefaniatelis esa reunión podría ser muy interesante 💛",
 "latitude":19.432836,
 "longitude":-99.153366
 },{
 "title":"@Papini74 Por unos pesos #PrensaProstituida.. Vendiendo su conciencia https://t.co/nVPe9zaNjz",
 "latitude":18.175748,
 "longitude":-92.9447745
 },{
 "title":"Ah! Cómo hemos cambiadooo..88))  Que lejos ha quedado  Aquella amistadddd  Ah! ¿qué nos ha pasado?  Cómo hemos olvidado  Aquella amistad.....",
 "latitude":18.0219595,
 "longitude":-92.9164995
 },{
 "title":"¡Hola! Mira este anuncio que acabo de ver en Segundamano: https://t.co/G02QXPuj9z",
 "latitude":19.380613,
 "longitude":-99.1614805
 },{
 "title":"Todos tenemos nuestra kryptonita y parece más fácil guardarla bajo llave que enfrentarse a ella.",
 "latitude":19.2843215,
 "longitude":-99.655676
 },{
 "title":"Un remojon para la crudita 😈 https://t.co/17rxfW208H",
 "latitude":25.9706955,
 "longitude":-100.19253
 },{
 "title":"Hacerle honor a él...es todo lo que puedo hacer y lo lograré",
 "latitude":19.0322295,
 "longitude":-98.1542665
 },{
 "title":"@Federico_xP La calle de mi escuela :v",
 "latitude":19.542054,
 "longitude":-96.886083
 },{
 "title":"@hachevea @gmocedeno @evillegasme El no es autoridad.",
 "latitude":19.380613,
 "longitude":-99.1614805
 },{
 "title":"#FueElEstado #DosBocas",
 "latitude":20.673542,
 "longitude":-101.3403935
 },{
 "title":"El perro ya está tranquilo y ya se durmió. Ahora sí, a dormir. 😴",
 "latitude":19.328383,
 "longitude":-99.15234
 },{
 "title":"La organizadora Flora Quezzo https://t.co/1gT8e1k5mq https://t.co/mTJROpsEn2",
 "latitude":19.0322295,
 "longitude":-98.1542665
 },{
 "title":"Este señor Don Presidente ya no tiene madre, no se da abasto con sarta de mentiras y ocurrencias  y populismos para dirigir al País y ahora se propone como dirigente sindical . Jajaja, a ver si de ahí también se lleva una tajada.  Jajajaja,, mejor que invite de. La que se fuma https://t.co/ATmqui1vLM",
 "latitude":19.318042,
 "longitude":-99.2480095
 },{
 "title":"Ya me vi comprando mi cachito cuando el gobierno rife las bolsas Hermés de Inés Gómez Mont.",
 "latitude":25.5791315,
 "longitude":-103.2023765
 },{
 "title":"Conozco a varias que han construido grandes empresas agrícolas, comunidades  y familias hermosas.",
 "latitude":18.933812,
 "longitude":-99.260819
 },{
 "title":"CITENME ESTA",
 "latitude":19.702896,
 "longitude":-101.19093
 },{
 "title":"Acaba de publicar una foto en Monterrey, Nuevo Leon, Mexico https://t.co/s8iwMkYg8Y",
 "latitude":25.6714,
 "longitude":-100.3189
 },{
 "title":"@LauraBarreraF @Radio_Formula @lopezdoriga @rf59 Gracias Diputada, a seguir chambeando y aprendiendo de usted !!!",
 "latitude":19.328383,
 "longitude":-99.15234
 },{
 "title":"Como cojudos dicen que el ciclo de Jefferson terminó, que es hora de dejar a otros. Papi, otros estuvieron y en juventud y plenitud no generaron ni la mitad del peligro. Aunque sean 20 minutos, dame a Jefferson siempre.",
 "latitude":31.452274,
 "longitude":-106.568008
 },{
 "title":"Super surtida la tienda @KachondiuxMty  @Daniaquintana21 @DesireMty @gordita1234590 @ATMmotel @motel_atm @LOVERS_SW_ @lunapareja69 @CottaDicoco @MeganyFoxi2 @RoxRickysw @tuyyo131 @catadorsexxmty @Negro31481571 @Mtynoche @kyotosuitesmty @DiegoDrlx @MotelCasabca @EncuentroGayMty https://t.co/CYaqb9VKbR",
 "latitude":25.6417185,
 "longitude":-100.2935915
 },{
 "title":"En la asamblea del @ConsAbogaciaMEX consideramos importante impulsar @ANADEcolegio @INCAM_Abogados @BMA_Abogados el ordenamiento en el ejercicio de la abogacía, la colegiación obligatoria y la independencia del ejercicio profesional como pilar del #EstadoDeDerecho #Abogacía https://t.co/Nz3li2NNzR",
 "latitude":19.318697,
 "longitude":-99.3055805
 },{
 "title":"Necesito ver más tiempo a mis amigas, nunca se acaba el tema de conversión y dos horas es muy poco :(",
 "latitude":24.6624885,
 "longitude":-107.3420565
 },{
 "title":"@Lizgottik @SusanaBaeza8 Y nosotros contigo.",
 "latitude":20.7152745,
 "longitude":-100.4405945
 },{
 "title":"Si es por robo, dónde están los responsables? Está de más contabilizar los registros pequeños sin tapa, por que los hay por montones con cables de fuera, de semáforos, luminarias y probablemente de cámaras. Si el contratista es responsable, dónde está la supervisión del trabajo ? https://t.co/cHTVX2eILJ",
 "latitude":20.5919,
 "longitude":-100.389718
 },{
 "title":"Debatir es una forma buena de perspectivar las ideas, Lamentablemente se ha denigrado la idea del debate, Se debería criticar la forma que se piensa, yo estoy bien tu estás mal, es blanco o negro, izquierda o derecha, me gusta o no me gusta, Démosle cabida a la ambigüedad.",
 "latitude":25.6766035,
 "longitude":-100.196134
 },{
 "title":"@lebiram05876205 M puedes enviar msj x md para charlar un rato x md d algo cachondo?",
 "latitude":20.6215735,
 "longitude":-103.2131755
 },{
 "title":"Ya solo faltan Flandes, Filipinas, partes de Italia, California, Texas, Colorado, Utah, Nuevo México, Florida, Cuba, Santo Domingo,  https://t.co/TVgTi7Fkvn",
 "latitude":19.4299345,
 "longitude":-99.2115105
 },{
 "title":"#QuieroCantarDeNuevo sal de la competencia Natalia, no es personal entiende",
 "latitude":19.0322295,
 "longitude":-98.1542665
 },{
 "title":"El entrenamiento de hoy si estuvo brutal, siento que floto...",
 "latitude":19.0322295,
 "longitude":-98.1542665
 },{
 "title":"@Romabepo No hay palabras para tan inmenso dolor. Desde la lejanía le mando un fuerte abrazo de corazón a corazón.",
 "latitude":19.328383,
 "longitude":-99.15234
 },{
 "title":"Se que está mal, pero de verdad el trabajo me distrae total de todos mis problemas",
 "latitude":19.432836,
 "longitude":-99.153366
 },{
 "title":"Acaba de publicar una foto en GBP Sales Container https://t.co/tZRSnCw2Ak",
 "latitude":19.172966,
 "longitude":-96.1295624
 },{
 "title":"#SalarioRosa un muy buen apoyo , para las mujeres del hogar .",
 "latitude":19.7051795,
 "longitude":-98.9903395
 },{
 "title":"#LopezRepresor #DosBocas",
 "latitude":25.6417185,
 "longitude":-100.2935915
 },{
 "title":"Mmm esa personalidad mierdita  ya la he visto antes 🤔",
 "latitude":19.6302155,
 "longitude":-99.130628
 },{
 "title":"Tienen 3 meses diciendo “ya no va aparecer ese cargo” me niego a pagar esos 149 pesos de HBO que NO ME INTERESA Y NO USO @Telmex",
 "latitude":20.6970525,
 "longitude":-105.1485805
 },{
 "title":"Acaba de publicar una foto en Mexico City, Mexico https://t.co/QpisdO7MjJ",
 "latitude":19.4326,
 "longitude":-99.1332
 },{
 "title":"@PedroFerriz Desayunar antes de dormir, por trabajar, vale?",
 "latitude":19.245091,
 "longitude":-98.7270065
 },{
 "title":"Hoy es 12 de octubre y como diría el inmortal Eddie Guerrero ¡Viva la Raza! 😂  *Se va solito a celebrar al Monumento a la Raza 🎉* https://t.co/oQcgcIlLfk",
 "latitude":19.380613,
 "longitude":-99.1614805
 },{
 "title":"@nenilkapunks Pos así! Le bajan la comisión hasta que les es incosteable.",
 "latitude":16.9589495,
 "longitude":-99.7356495
 },{
 "title":"Nos escuchamos en la #SegundaEmisión.   ¡Acompañenme!",
 "latitude":20.676652,
 "longitude":-103.335882
 },{
 "title":"Construyamos un #México y un #Tamaulipas con igualdad de oportunidades para todas y todos, más justo e incluyente que de mayor capacidad de movilidad social en una sola generación.  #EsYA #EsAhora #PedroRoldanMx #Tam https://t.co/F7XQX7nBXc",
 "latitude":23.750148,
 "longitude":-99.096539
 },{
 "title":"@monerorape Se lo dejas muy barato. Además se burla de los pen….santes que están sentados.",
 "latitude":20.790657,
 "longitude":-103.4847745
 },{
 "title":"@JGeorgeCM Estás diciendo la verdad ?",
 "latitude":25.6417185,
 "longitude":-100.2935915
 },{
 "title":"Que ya hagan cambio de Valeria mexicana por Valeria tica 👀 @Rayadas",
 "latitude":25.6417185,
 "longitude":-100.2935915
 },{
 "title":"@karama2525 Me encantas 😍",
 "latitude":19.183953,
 "longitude":-96.2293965
 },{
 "title":"Siempre apoyare a full al @ClubAmerica y a @miseleccionmx pero es muy difícil ver un partido realmente entretenido de ellos, la mayoría estan de 😴",
 "latitude":19.6302155,
 "longitude":-99.130628
 },{
 "title":"Con la 4t la delincuencia manda. La 4t va !!",
 "latitude":21.048719,
 "longitude":-87.0316645
 },{
 "title":"@Pronaturamexico @ecolanamx Quiero! 🙋🏻‍♀️",
 "latitude":19.4040525,
 "longitude":-98.182271
 },{
 "title":"@armandogodoy Esperemos salga negativa, salvadoreño.    Te mando un abrazo",
 "latitude":19.518656,
 "longitude":-99.1158905
 },{
 "title":"Mudubina, blanca flor 🤍🌺🌼 https://t.co/k1fglMsEbr",
 "latitude":16.4137745,
 "longitude":-94.934163
 },{
 "title":"Lo malo es que ahora ya no puedo escuchar las de Selena sin acordarme de CIERTO ALGUIEN 😒",
 "latitude":25.6417185,
 "longitude":-100.2935915
 },{
 "title":"¿Quien te molesta? El solecito ☀️🔥 https://t.co/3lzQjiRwJC",
 "latitude":21.048719,
 "longitude":-87.0316645
 },{
 "title":"@DennBMcdougall Para el cacas,  vamos muyyyyy bien .. en Pejelandia!!! 😡😡🤬🤬🤬",
 "latitude":19.473794,
 "longitude":-99.310428
 },{
 "title":"Hoy es día de la raza. No anden repitiendo las pendejas de su jefe el cacas viejo ojete @lopezobrador_",
 "latitude":19.318697,
 "longitude":-99.3055805
 },{
 "title":"Que rico ha de ser besarme debo saber a pura responsabilidad afectiva y bellakeo",
 "latitude":19.3427885,
 "longitude":-99.050461
 },{
 "title":"Recuerdo una vez cuando @ElyGioAlv  hizo quesadillas de mayonesa 😱 jajaja",
 "latitude":18.291262,
 "longitude":-93.341606
 },{
 "title":"@violetamo @elricosuavedeny @brozoxmiswebs La Verdad les Incomoda, éste MESÍAS TROPICAL MACUSPANO de Pueblo BANANERO tienen Comprando a miles por $300 PESÓTES y una Bolsa de CROQUETAS #Todossomosbrozo #AMLOBurlaMundial #AmloElFracasoPresidencial #AmloEjemploDeCorrupcion #PIOPIOPIO #MartinazoCorruptazo",
 "latitude":20.790657,
 "longitude":-103.4847745
 },{
 "title":"Termine de ver la serie El Juego de Las Llaves temporada 2.. y no mms me enamoré @elavelden ❤️🥰😍 #Siena 🙌",
 "latitude":22.291455,
 "longitude":-100.860774
 },{
 "title":"@_elan_ Grandísima, Nicole Kidman es cabrona ✨",
 "latitude":19.318042,
 "longitude":-99.2480095
 },{
 "title":"The Dead es una de las películas más románticas que he visto, aunque de una manera que me parece tan poco convencional. Lo único que he visto y que siento que se asemeja un poco es 45 Years.",
 "latitude":20.941035,
 "longitude":-89.623611
 },{
 "title":"@MonJaFe Y te lo agradezco mucho",
 "latitude":19.518656,
 "longitude":-99.1158905
 },{
 "title":"Estaba anunciado pero no lo pasaron https://t.co/9YhPOJYllq",
 "latitude":25.736715,
 "longitude":-100.270474
 },{
 "title":"@Aleja15101989 @sirhijazo Puros rumores 😒",
 "latitude":25.5835005,
 "longitude":-100.482749
 },{
 "title":"@MarielMunozM @marianawismann @lechugasencilla Consejos con costo 😅",
 "latitude":20.12821,
 "longitude":-98.74855
 },{
 "title":"Derechos Sexuales y Reproductivos en Zona Rosa https://t.co/OeYFSyrHM2",
 "latitude":19.425778,
 "longitude":-99.164139
 },{
 "title":"Gracias excelente labor. Siempre habrá personas amorosas y con recursos para poder atender a los animalitos.",
 "latitude":19.432836,
 "longitude":-99.153366
 },{
 "title":"@AztecaDeportes con todo y su mala leche de Ventanilla o como se llame aunque te duela EL AMERICA ES EL LIDER .......LOS ANTI_AMERICANISTAS nos vale mmmmm lo que piensen",
 "latitude":19.4320755,
 "longitude":-99.087817
 },{
 "title":"🇲🇽 #Mexico #Apertura #LigaMX -  #Monterrey 0 vs  #ClubLeon 1      Goals: Hernández       https://t.co/24S5UQi9qG",
 "latitude":25.6692,
 "longitude":-100.243
 },{
 "title":"@DanoAleR Descansa 😘 buenas noches",
 "latitude":20.193408,
 "longitude":-100.912503
 },{
 "title":"Mi querido @MauricioGarza_ eres un tipazoooo y mejor jugador de @eslamascara  Gracias por venirte a divertir!!! @Foxmuller29  @eslamascara  @Canal_Estrellas  Domingo 8:30pm https://t.co/ekdkrBBdiG",
 "latitude":19.380613,
 "longitude":-99.1614805
 },{
 "title":"Birn secuestrada por mi hermano 😅  Y tenia planes de ir al centro con alguien 😓 https://t.co/cLAE8mo6PB",
 "latitude":19.297299,
 "longitude":-98.836932
 },{
 "title":"🤗 en Loma Bonita Ejidal, Zapopan https://t.co/HUVAPqsTSG",
 "latitude":20.62649556,
 "longitude":-103.40332359
 },{
 "title":"Mis pronósticos totalmente objetivos y para nada tendenciosos 😂 @chicagobulls https://t.co/fSUc5skol7",
 "latitude":19.6302155,
 "longitude":-99.130628
 },{
 "title":"@acereros Desde la CDMX #HereWeGo https://t.co/ViIMeuywMU",
 "latitude":19.518656,
 "longitude":-99.1158905
 },{
 "title":"@mauropm Se me ocurre vía cotejando las cuentas bancarias... Habrá cantidades depositadas que no tienen un registro y darán por hecho que es de ahí. Pienso.",
 "latitude":20.5226915,
 "longitude":-100.772211
 },{
 "title":"@CapAlbores787 @mariob2040 Pues esta a toda madre pinche carretera siempre esta en reparación!",
 "latitude":20.489709,
 "longitude":-103.407581
 },{
 "title":"@LaGabrielaNava Amiga, lit alrededor de tu nueva casa hay mucho puesto Godin, osea barato y rico. Aprovecha las tortas que están a costra esquina donde te vi hoy, los tacos de guisado de la chik antes de las hamburguesas, en la ronda a lado del seven, *le da cosas a guardar en su refri",
 "latitude":19.380613,
 "longitude":-99.1614805
 },{
 "title":"Hoy cobramos estos dos buenos parlays! https://t.co/YyvKXML2hj",
 "latitude":32.3328765,
 "longitude":-116.929102
 },{
 "title":"Se antojan unos panditas",
 "latitude":27.1164905,
 "longitude":-105.6835535
 },{
 "title":"Ufff amanecio caluroso el dia 😰 https://t.co/Yl7gSfcjXo",
 "latitude":16.7424355,
 "longitude":-93.1396595
 },{
 "title":" A veces falta una persona y parece que el mundo entero está despoblado .  -Alphonse de Lamartine https://t.co/GpIsIpa9I5",
 "latitude":21.849459,
 "longitude":-102.327207
 },{
 "title":"Sube las manos y la botella pa arriba 😛",
 "latitude":18.0219595,
 "longitude":-92.9164995
 },{
 "title":"213)FREESTYLE MÉXICO(AMOR TRAICIONERO)(SUB POR ANTONIO AGUIRRE)(POEMAS)CANCION DE LOS TERRICOLAS en Elektra  Las Torres Chimalhuacán https://t.co/UmgsggoPLF",
 "latitude":19.42297831,
 "longitude":-98.98242831
 },{
 "title":"@JayCurious88 Me gusta solitos se la coman 🤤",
 "latitude":19.4299345,
 "longitude":-99.2115105
 },{
 "title":"@HHShkMohd Shaday Bendiga a su Pueblo Q está en todo el Mundo,🌐🇲🇽🗽.. Así Lo Pidió El Libre alvedrio del revelde. La intolerancia y reveldia, se grava en Nuestro Chips, y cuando llegamos a Lo Bello,Se Complicalareseteada,..",
 "latitude":19.399101,
 "longitude":-99.096496
 },{
 "title":"No, pss sí estuvieron bien así los looks de mezclilla. https://t.co/TRTkqmitkw",
 "latitude":19.380613,
 "longitude":-99.1614805
 },{
 "title":"¿Quieres ir a los Cabos conmigo después de todo esto del ENARM?  *Enviar.",
 "latitude":20.790657,
 "longitude":-103.4847745
 },{
 "title":"Hoy si me siento muy 😈. https://t.co/o5WgYaXYWV",
 "latitude":22.270295,
 "longitude":-97.916772
 },{
 "title":"@interautomotriz Yo pensando en si mejor el León fr que el Swift Sport",
 "latitude":20.592133,
 "longitude":-103.348324
 },{
 "title":"Lo que vale la pena de Expobici es que junto con Nairo se trajeron varias marcas colombianas... Amix los uniformes uff. También tener todo en un solo lugar, cuando se sabe hay escasez de bicis, componentes y accesorios.",
 "latitude":19.4857835,
 "longitude":-99.182126
 },{
 "title":"@jenarovillamil @lopezobrador_ ¿Y cual es la nota? ¿Que se le hizo realidad un sueño? ¿O donde está el delito que se quiere imputar? ¿No se supone que en una democracia se puede reunir libremente a las personas? ¿No que no espiaba?",
 "latitude":20.9101025,
 "longitude":-104.0689495
 },{
 "title":"Que ganas de la actual dirigencia estatal del PAN PUEBLA de poner piedras en el camino a los que quieren participar en la renovación del CDE.  Ya!!! dejen que los panistas tengamos el derecho de poder elegir a quien nos represente..   Urge rescatar el PAN PUEBLA..",
 "latitude":19.0322295,
 "longitude":-98.1542665
 },{
 "title":"@Erikrdh1 Quiero",
 "latitude":17.5313355,
 "longitude":-98.6247395
 },{
 "title":"@Any62778450 Gracias Lucy,igualmente!😉 Feliz jueves paisana ☀️🍃🍂☕ Portate bien ☺😊😁",
 "latitude":21.09806,
 "longitude":-101.601401
 },{
 "title":"👇🏻 el infierno pues",
 "latitude":19.518656,
 "longitude":-99.1158905
 },{
 "title":"@Erika_DeLaVega @CachanillaU Buenas noches !",
 "latitude":19.022994,
 "longitude":-98.308599
 },{
 "title":"@aimatuitstar No es por nada pero … si se te ven unas piernotas con vestido, se ve que le das duro todos los días a la ejercitancia!!!",
 "latitude":19.199485,
 "longitude":-99.208364
 },{
 "title":"Soy la sombra de tu vida Tú me elevas y me tiras Yo te sigo y tú me pisas Sin reparar jamás en mí",
 "latitude":25.778679,
 "longitude":-100.1687175
 },{
 "title":"@epigmenioibarra @EvelynSalgadoP Confiamos en su capacidad y experiencia provada, digna Representante de la 4t.,🙃",
 "latitude":16.9589495,
 "longitude":-99.7356495
 },{
 "title":"@Cienciaymas_ @NASA De q cercanía estariamos hablamos?para poder apreciar tal belleza? Pareciera foto,pintura o ilustración.!! Oh es realidad?",
 "latitude":19.7051795,
 "longitude":-98.9903395
 },{
 "title":"@AbelGarcia0202 @taraceagroup Asistir a la Feria del Alfeñique fue una de mis experiencias favoritas de México. ¡No se lo pierdan! https://t.co/wecM1Qz2ed",
 "latitude":19.290541,
 "longitude":-99.657831
 },{
 "title":"Sí me encabrona 🤬",
 "latitude":19.328383,
 "longitude":-99.15234
 },{
 "title":"Gran criterio, totalmente apegado a la Ley de Amparo, y minimizando los efectos de una decisiób totalmenete arbitratia y burdamente violatoria de derechos humanos, ojo @SonicAntemate",
 "latitude":19.380613,
 "longitude":-99.1614805
 },{
 "title":"@soyfernan @HernnCortes Tienes razón mi respuesta debió haber sido dirigida a Pérez Reverte no a H. Cortés. Cierto lo que tú escribiste 🙂👍🏼⚘",
 "latitude":19.3740755,
 "longitude":-99.3184285
 },{
 "title":"«El 80% del éxito es mostrarse» – Woody Allen #seamosfelices #ellibrodemivida https://t.co/CHMcfQu2Vi",
 "latitude":21.1637665,
 "longitude":-89.2787755
 },{
 "title":"@MarisaJames2 @Rolando08028986 @EduardoGzmnM @JLozanoA Bueno. Quien acusa comprueba",
 "latitude":20.790657,
 "longitude":-103.4847745
 },{
 "title":"Construir, sin que la añoranza del pasado nuble el anhelo de futuro. https://t.co/im74XTo45r",
 "latitude":21.011193,
 "longitude":-88.350267
 },{
 "title":"Acaba de publicar una foto en Algún Lugar Del Mundo https://t.co/fpIB8gKhs9",
 "latitude":25.84913579,
 "longitude":-97.85513828
 },{
 "title":"@HectorTrejo @IrvingGatell espero que está reflexión te ayude a ver que no es un personaje forzado. Hablando de #Superman",
 "latitude":21.849459,
 "longitude":-102.327207
 },{
 "title":"Banda que anda empezando en esto de axie sin duda de los mejores que hay para resolver dudas e incluso coaching.",
 "latitude":19.399101,
 "longitude":-99.096496
 },{
 "title":"@Edithcomart Mmm, y entonces cómo explicar la Adoración al Santísimo (un objeto) o rezarle a las estampitas, estatuas, etc inclinándose ante ellas con devoción y pidiéndoles milagros y que respondan las oraciones?",
 "latitude":20.7152745,
 "longitude":-100.4405945
 },{
 "title":"@retanatoro Hola . Es correcto !!😉",
 "latitude":19.326146,
 "longitude":-99.6050475
 },{
 "title":"De lo que se entera uno haha 🤟🏻",
 "latitude":24.6624885,
 "longitude":-107.3420565
 },{
 "title":"@Toribio52219541 Va cuando",
 "latitude":21.09806,
 "longitude":-101.601401
 },{
 "title":"📺Ⓜ️Tras cateo, vinculan a proceso a tres probables narcomenudistas que operaban en Acatlán de Pérez Figueroa https://t.co/Ex5d39T3wP @FISCALIA_GobOax  @PeimbertArturo",
 "latitude":17.090319,
 "longitude":-96.7250025
 },{
 "title":"160 tareas calificadas mientras veía El caso Hartung la cual por cierto está muy buena y ya terminé. Fue una tarde-noche productiva 🤭🤣",
 "latitude":18.2384565,
 "longitude":-93.1054765
 },{
 "title":"Nuevo rol para nuestro @tenorjcamarena en el @Teatro_Real de Madrid,..El aria final de Edgardo en  #LuciaDiLamermoor (O bell'alma innamorata) es de las que + me gustan. ¿Le saldrá bien al gran Javi?",
 "latitude":19.380613,
 "longitude":-99.1614805
 },{
 "title":"Me está respirando en la nuca la opcion de volver a Juárez ... la aceptaré creo 😌",
 "latitude":22.270295,
 "longitude":-97.916772
 },{
 "title":"Pregunten ahora o callen para siempre. https://t.co/aa0KgIYAZa",
 "latitude":19.3427885,
 "longitude":-99.050461
 },{
 "title":"@ManuelGilAnton @El_Universal_Mx Un error común,  generalizar .",
 "latitude":18.794387,
 "longitude":-97.093586
 },{
 "title":"En este corto vídeo, no estuve tapado todo el tiempo.  Buenas noches.🤗  Si das RT espera algo en tu DM.😏 https://t.co/0WEOjZK7T9",
 "latitude":16.7424355,
 "longitude":-93.1396595
 },{
 "title":"Feliz jueves tuiteros 🌻😘 https://t.co/dYat900kH8",
 "latitude":19.0322295,
 "longitude":-98.1542665
 },{
 "title":"Trabajadores del metro de la #CDMX no irán a huelga.  Tras  diálogo respetuoso  acuerdan revisión salarial y contractual el Sistema Colectivo de Transporte y el Sindicato Nacional de Trabajadores del Metro.  #Nacional | #Sociedad  https://t.co/QJh06ctztO",
 "latitude":20.941035,
 "longitude":-89.623611
 },{
 "title":"Hacen envíos a Mexico ? @ESTEVEZBRAND",
 "latitude":21.402667,
 "longitude":-87.0541055
 },{
 "title":"Y de todo lo que no puedo hacer (correr, cargar pesado o hacer esfuerzos referente a la malla) Y a diferencia de la cirugía anterios, hoy sí puedo recordarle a usted. Recordando las despedidas del retiro obligatorio. Es usted genial !!! https://t.co/IN5776Vq9f",
 "latitude":19.326146,
 "longitude":-99.6050475
 },{
 "title":"Acaba de publicar una foto en Huimanguillo Centro, Huimanguillo https://t.co/TkhC8AuxfA",
 "latitude":17.83574341,
 "longitude":-93.3916768
 },{
 "title":"Cómo ven a este. Que me siguió en  la mañana a mi trabajo llegando  entro y me pidió un corte pero me dije que era seguidor de tw y  me quería ponerme una buena cogida. Y hay nanita   tremendo macho https://t.co/txXMJDnB2J",
 "latitude":19.3427885,
 "longitude":-99.050461
 },{
 "title":"Hoy da inicio el XXXII Congreso Internacional de Estudios Electorales  Coaliciones Electorales en América Latina  de la @somee_mx  Consulta las actividades a desarrollar en: https://t.co/nrvT1NlDbH https://t.co/spUEIKjuTu",
 "latitude":18.5934905,
 "longitude":-88.3857435
 },{
 "title":"@ingridmanzo_ vente a cuu pa ir por unos",
 "latitude":28.941866,
 "longitude":-106.1628985
 },{
 "title":"Ojalá puedas salir pronto de eso que te afecta tanto",
 "latitude":20.941035,
 "longitude":-89.623611
 },{
 "title":"@Lizgottik Deja de eso Lopez ama a Peña que es intocable",
 "latitude":23.9541625,
 "longitude":-104.837578
 },{
 "title":"@Siriakrz @Amy89039773 Son deliciosas y jugosas",
 "latitude":25.8073145,
 "longitude":-100.3652735
 },{
 "title":"@geekatomica 😝 En la Profepa de Ajusco, enfrente del Chedraui 😎 cuando gustes por ahí andaré",
 "latitude":19.2362445,
 "longitude":-99.08179
 },{
 "title":"@JoelDCortes Uno con lo que tenga … hay que valorarla! #AyClaro 😎",
 "latitude":32.3328765,
 "longitude":-116.929102
 },{
 "title":"Vuelve!   No quise destruirnos, hay tanto que decirnos  Por un error no mates lo que somos, lo que fuimos  Perdóname mi amor, perdóname mi amor....88))...",
 "latitude":18.0219595,
 "longitude":-92.9164995
 },{
 "title":"Pues como todo mexicano conocí a U2 con el Joshua Tree, después descubrí el Fuego Inolvidable, el War me lo sé completo pero del Octubre solo me gusta Octubre y Gloria.",
 "latitude":31.452274,
 "longitude":-106.568008
 },{
 "title":"Mi novio pinta macetas bien padres 😎. https://t.co/twqRfa1MwV",
 "latitude":20.1056375,
 "longitude":-98.775808
 },{
 "title":"@OMAR_JIMENEZ77 @angulosiete @HeraldoPue @JornadaOriente @mediatiknoticia @DiarioCambioP @InformantePueb @IntoleranciaID @FactorRadioPue Gracias estoy pendiente",
 "latitude":19.0322295,
 "longitude":-98.1542665
 },{
 "title":"“Tolerar niveles de inflación elevados y muy superiores a su meta, sin reforzar la postura monetaria a niveles congruentes, contribuiría a deteriorar el proceso de formación de precios y contaminar las expectativas de inflación.” #AlSonarLaCampana @Banxico @SE_mx @Hacienda_Mexico",
 "latitude":19.4299345,
 "longitude":-99.2115105
 },{
 "title":"Buenos Días #México 😱 🇲🇽 😳 👇 https://t.co/as3xjyOZor",
 "latitude":19.183953,
 "longitude":-96.2293965
 },{
 "title":"Hoy le pregunté a mi novio como compartir un post de alguien más en mis historias de IG sin tener que darle captura, ni se nota que le llevo 10 años de diferencia jaja ya estoy viejito 🤪😖",
 "latitude":28.7677765,
 "longitude":-106.9085085
 },{
 "title":"Turno cañón lampara",
 "latitude":32.3328765,
 "longitude":-116.929102
 },{
 "title":"Vacuna #AztraSeneca segunda dosis #auditoriobenitojuarez #Zapopan #Jalisco",
 "latitude":20.790657,
 "longitude":-103.4847745
 },{
 "title":"¡Ven a mi Espacio! https://t.co/71bveYPVW9",
 "latitude":19.380613,
 "longitude":-99.1614805
 },{
 "title":"Ariadna Ayala asume mando de la fuerza de Seguridad Pública de Atlixco – MAGISTRAL MX https://t.co/do5BlH42Sk",
 "latitude":19.0322295,
 "longitude":-98.1542665
 },{
 "title":"Buenos días. 👻🌞  Recuerden que estamos leyendo ⚰💀 El entierro de Amparo Dávila y toca comentarlo el viernes a las 6 p.m. 👌🏻  Los esperamos. https://t.co/c3KoXkSwgC",
 "latitude":19.542054,
 "longitude":-96.886083
 },{
 "title":"@_ElleJohnson Luces espectacular",
 "latitude":19.199485,
 "longitude":-99.208364
 },{
 "title":"Definitivamente la putería es lo tuyo.",
 "latitude":21.849459,
 "longitude":-102.327207
 },{
 "title":"No alcance aguacate en promoción pero... https://t.co/A13DF9yc2n",
 "latitude":22.270295,
 "longitude":-97.916772
 },{
 "title":"#PresidenteMunicipal | ✅Es el encargado de velar por la correcta ejecución de las disposiciones del Ayuntamiento. Comunícate con los expertos 📲 9513075117 𝘊𝘰𝘯 𝘈𝘙𝘊𝘈 𝘵𝘶 𝘢𝘥𝘮𝘪𝘯𝘪𝘴𝘵𝘳𝘢𝘤𝘪ó𝘯 𝘴𝘦𝘳á 𝘥𝘦 𝘣𝘶𝘦𝘯𝘰𝘴 𝘳𝘦𝘴𝘶𝘭𝘵𝘢𝘥𝘰𝘴. #colectivoespecialistaarca https://t.co/Wb0AZuBxSz",
 "latitude":17.090319,
 "longitude":-96.7250025
 },{
 "title":"Hoy si hizo frío y mis sudaderas bien gracias guardadas jejejej",
 "latitude":28.9698625,
 "longitude":-111.498181
 },{
 "title":"@Dipsomaniacos Quiro unos !!!!!",
 "latitude":19.432836,
 "longitude":-99.153366
 },{
 "title":"@abel_mp @antonioloyola @dlobatob @HoyPalestina Puedes buscarlo e. Internet si gustas, en vez de dar una analogía tonta. La población árabe de Israel no ha hecho más que crecer, es tonta hablar de un genocidio.",
 "latitude":21.402667,
 "longitude":-87.0541055
 },{
 "title":"@irisxcqueen merecía más de 5 pinches pantalones viegas horrendas :(",
 "latitude":20.941035,
 "longitude":-89.623611
 },{
 "title":"Mr death: Gatell ya tiene miles de Calaveritas! https://t.co/lPbLQjQ5n0",
 "latitude":19.380613,
 "longitude":-99.1614805
 },{
 "title":"Yo sé que todo saldrá bien pero la preocupación sigue ahí y no puedo ser feliz así",
 "latitude":20.057758,
 "longitude":-99.2176625
 },{
 "title":"Precios 🎃🖤 https://t.co/5Xg6hZxw4n",
 "latitude":25.6417185,
 "longitude":-100.2935915
 },{
 "title":"Si eres ProVida y sigues estás cuentas @latinus_us @CarlosLoret  o @brozoxmiswebs  quiero decirte que apoyas indirectamente a los promotores del aborto y la ideología de género. Te invito a qué revises sus comentarios al respecto del aborto. #EresONoEres @JosCamA3 https://t.co/fIf2EKcBAf",
 "latitude":21.849459,
 "longitude":-102.327207
 },{
 "title":"#YMIRESULTADOUSICAMM ¿ya checaron tarjeta y se fueron a descansar #USICAMM? @USICAMM_OFICIAL",
 "latitude":20.941035,
 "longitude":-89.623611
 },{
 "title":"@luvppeaches @misspame22 Hermoso culito me tiene loco😋",
 "latitude":27.1164905,
 "longitude":-105.6835535
 },{
 "title":"Acaba de publicar una foto en Mónica Ortiz https://t.co/B3DLsQhcsJ",
 "latitude":21.15062347,
 "longitude":-101.69009516
 },{
 "title":"Y la única especie que está acabando con todo un Planeta del Sistema Solar y que está en busca de otro para destruirlo. https://t.co/VQcdTQYNPt",
 "latitude":20.4688085,
 "longitude":-102.9241315
 },{
 "title":"Me quedo con que tuve el privilegio de amarte. 🥰🙏",
 "latitude":19.380613,
 "longitude":-99.1614805
 },{
 "title":"Callejón del beso Gunanjuato 😘 https://t.co/F2MImjC1Lb",
 "latitude":21.0254965,
 "longitude":-101.250134
 },{
 "title":"Tu y yo capsuleando en el carro",
 "latitude":25.6417185,
 "longitude":-100.2935915
 },{
 "title":"No voy a llorar y decir que no merezco esto porque es probable que lo merezco, pero no lo quiero por eso me voy",
 "latitude":18.059159,
 "longitude":-96.083633
 },{
 "title":"La primera etapa de, De los Cobos fue muy buena, lástima por los amaños. La segunda fue un fracaso y no fue solamente por la  calidad y nivel  de los jugadores sino por el técnico, o sea el. Hugo Pérez ha dado mejores resultados en menos tiempo 🤷‍♂️",
 "latitude":20.676652,
 "longitude":-103.335882
 },{
 "title":"Me entero que cuando uno está en la conversa, pongo cara de sorprendido todo el tiempo… en El Cuatro 20 Centro Histórico Df https://t.co/jLLQjKHlxo",
 "latitude":19.4346741,
 "longitude":-99.1360487
 },{
 "title":"Los partidos sin VAR los pitaran de la chingada a propósito para que digamos ahh no mames como hace falta el VAR?",
 "latitude":20.790657,
 "longitude":-103.4847745
 },{
 "title":"Este domingo en @AUTOSHOW_TV @MundoEjecutivo … Gracias @AutoShowTvMx @CamiloGuilbert",
 "latitude":19.380613,
 "longitude":-99.1614805
 },{
 "title":"@elsamoraan Quien dijo carnita??? Donde?? 😜",
 "latitude":25.8073145,
 "longitude":-100.3652735
 },{
 "title":"Acaba de publicar una foto en CETRO https://t.co/9orzK52WYk",
 "latitude":19.39484,
 "longitude":-99.17329
 },{
 "title":"@alcibiades_sj @Excelsior Triste pero cierto la casa   pemex   no puede perder que se joda el medioambiente",
 "latitude":25.736715,
 "longitude":-100.270474
 },{
 "title":"México y el mundo decimos no a la vacuna y su cartilla ! https://t.co/xb7ueQ1jhC",
 "latitude":25.244223,
 "longitude":-103.23313
 },{
 "title":"@CeroAbsoluto Me gusta que me mires como delincuente, soy Caperucita y tu eres el lobo que miente 😏",
 "latitude":19.318042,
 "longitude":-99.2480095
 },{
 "title":"Un refresco para la calor está sofocante",
 "latitude":22.31636,
 "longitude":-97.859436
 },{
 "title":"La canción que dice “shulada” me da cringe extremo.",
 "latitude":22.3111195,
 "longitude":-100.955511
 },{
 "title":"@manuel_alamilla buenos dias !",
 "latitude":18.0219595,
 "longitude":-92.9164995
 },{
 "title":"@Carlos_Molina_V ¡Muchas gracias, mi estimado Charly!",
 "latitude":16.7424355,
 "longitude":-93.1396595
 },{
 "title":"Erik Lira siempre en mi equipo",
 "latitude":18.0902165,
 "longitude":-94.171383
 },{
 "title":"Se mantienen fuera de servicio los semáforos 🚦ubicados en el cruce de Escobedo y Avenida Mina, Matamoros y Mina y Matamoros e Hidalgo por falla de Comisión Federal de Electricidad.  Hacemos un llamado a la ciudadanía a extremar precauciones al transitar por la zona https://t.co/BNVjaBuWtN",
 "latitude":25.244223,
 "longitude":-103.23313
 },{
 "title":"me caga la gente que toca el claxon y vengo en el carro de alguien que no deja de tocar el puto claxon 🤦🏻‍♂️...",
 "latitude":16.7424355,
 "longitude":-93.1396595
 },{
 "title":"@aguiltarosa Hola Tú, sí tú mi aguilita preciosa my Sister #Azulcrema Conse 👉🏽🦅👈🏽🙋🏻‍♂️😘😘😘😘😘😘😘😘😘😘😘😘😘😘😘😘😘😘😘😘😘😘😘😘😘😘😘😘😘😘😘😘😘😘😘😜🤘🏻",
 "latitude":25.8365675,
 "longitude":-98.362531
 },{
 "title":"@AmerangelLorenz @Congreso_CdMex @IFT_MX ¡¡Excelente!! Apoyo cien por ciento este punto de acuerdo que deseo sea aprobado para toda la Cdmx que está hecha una desgracia con todo el cablerío que dejan los servicios. Es un peligro, sí, y una contaminación visual terrible.",
 "latitude":19.2755645,
 "longitude":-99.2645265
 },{
 "title":"@AgenciaAMIM algo hicieron con los semáforos en gran parte de Av Patria que ahora hacemos el doble de tiempo. No están sincronizados varios de ellos, por favor pongan atención ahí.",
 "latitude":20.790657,
 "longitude":-103.4847745
 },{
 "title":"Yo quise la verdad tu la mentira... 🎵🎶",
 "latitude":19.2843215,
 "longitude":-99.655676
 },{
 "title":"¿Santa Fe Klan es una privada o es pvtero?",
 "latitude":20.941035,
 "longitude":-89.623611
 },{
 "title":"@Natalia1Mtz Siii el soundtrack de #AmorEnCustodia de la pareja protagónica corre a cargo de #Dalú con el tema No es Mentira 😍🖤💃🏽🙌🏻",
 "latitude":23.269879,
 "longitude":-109.7662685
 },{
 "title":"me quedo con los momentos 💫✨🌌",
 "latitude":24.8558175,
 "longitude":-99.538038
 },{
 "title":"@GranMag0 Pues sí….era obvio. No se va ha meter en problemas a estas alturas de su vida política (final) y con su edad",
 "latitude":20.790657,
 "longitude":-103.4847745
 },{
 "title":"Queriendo dejar de comprar cosas que no necesito, la publicidad en Instagram: https://t.co/gLujwdM858",
 "latitude":28.9698625,
 "longitude":-111.498181
 },{
 "title":"Ser un caballero ante todo",
 "latitude":25.6417185,
 "longitude":-100.2935915
 }]